/*
 Navicat Premium Data Transfer

 Source Server         : SCRM
 Source Server Type    : MySQL
 Source Server Version : 50628
 Source Host           : cd-cdb-rw7cvvgv.sql.tencentcdb.com:63918
 Source Schema         : scrm2b

 Target Server Type    : MySQL
 Target Server Version : 50628
 File Encoding         : 65001

 Date: 04/06/2018 20:28:35
*/

SET NAMES utf8mb4;
SET FOREIGN_KEY_CHECKS = 0;

-- ----------------------------
-- Table structure for auth_login_log
-- ----------------------------
DROP TABLE IF EXISTS `auth_login_log`;
CREATE TABLE `auth_login_log`  (
  `id` bigint(20) NOT NULL AUTO_INCREMENT COMMENT '自增ID',
  `user_id` int(11) NOT NULL COMMENT '用户ID',
  `username` varchar(50) CHARACTER SET utf8mb4 COLLATE utf8mb4_general_ci NOT NULL COMMENT '用户名',
  `role_id` int(11) NOT NULL COMMENT '角色ID',
  `realname` varchar(50) CHARACTER SET utf8mb4 COLLATE utf8mb4_general_ci NOT NULL COMMENT '真实姓名',
  `login_time` int(11) NOT NULL COMMENT '登录时间',
  `login_ip` varchar(50) CHARACTER SET utf8mb4 COLLATE utf8mb4_general_ci NOT NULL COMMENT '登录IP',
  PRIMARY KEY (`id`) USING BTREE,
  INDEX `idx_user_id`(`user_id`) USING BTREE
) ENGINE = InnoDB AUTO_INCREMENT = 906 CHARACTER SET = utf8mb4 COLLATE = utf8mb4_general_ci ROW_FORMAT = Compact;

-- ----------------------------
-- Records of auth_login_log
-- ----------------------------
INSERT INTO `auth_login_log` VALUES (797, 1, 'admin', 1, '超级管理员', 1527309234, '127.0.0.1');
INSERT INTO `auth_login_log` VALUES (798, 11, 'alex', 1, 'ALEX', 1527309371, '127.0.0.1');
INSERT INTO `auth_login_log` VALUES (799, 11, 'alex', 1, 'ALEX', 1527310613, '127.0.0.1');
INSERT INTO `auth_login_log` VALUES (800, 11, 'alex', 1, 'ALEX', 1527310633, '127.0.0.1');
INSERT INTO `auth_login_log` VALUES (801, 11, 'alex', 1, 'ALEX', 1527310680, '127.0.0.1');
INSERT INTO `auth_login_log` VALUES (802, 11, 'alex', 1, 'ALEX', 1527310711, '127.0.0.1');
INSERT INTO `auth_login_log` VALUES (803, 11, 'alex', 1, 'ALEX', 1527310910, '127.0.0.1');
INSERT INTO `auth_login_log` VALUES (804, 11, 'alex', 1, 'ALEX', 1527310939, '127.0.0.1');
INSERT INTO `auth_login_log` VALUES (805, 11, 'alex', 1, 'ALEX', 1527317225, '127.0.0.1');
INSERT INTO `auth_login_log` VALUES (806, 11, 'alex', 1, 'ALEX', 1527317259, '127.0.0.1');
INSERT INTO `auth_login_log` VALUES (807, 11, 'alex', 1, 'ALEX', 1527317275, '127.0.0.1');
INSERT INTO `auth_login_log` VALUES (808, 11, 'alex', 1, 'ALEX', 1527320076, '127.0.0.1');
INSERT INTO `auth_login_log` VALUES (809, 11, 'alex', 1, 'ALEX', 1527321503, '127.0.0.1');
INSERT INTO `auth_login_log` VALUES (810, 11, 'alex', 1, 'ALEX', 1527322275, '127.0.0.1');
INSERT INTO `auth_login_log` VALUES (811, 11, 'alex', 1, 'ALEX', 1527322350, '127.0.0.1');
INSERT INTO `auth_login_log` VALUES (812, 1, 'admin', 1, '超级管理员', 1527322471, '125.71.152.36');
INSERT INTO `auth_login_log` VALUES (813, 11, 'alex', 1, 'ALEX', 1527334698, '127.0.0.1');
INSERT INTO `auth_login_log` VALUES (814, 1, 'admin', 1, '超级管理员', 1527336095, '125.71.152.36');
INSERT INTO `auth_login_log` VALUES (815, 11, 'alex', 1, 'ALEX', 1527339790, '127.0.0.1');
INSERT INTO `auth_login_log` VALUES (816, 1, 'admin', 1, '超级管理员', 1527339801, '125.71.152.36');
INSERT INTO `auth_login_log` VALUES (817, 11, 'alex', 1, 'ALEX', 1527341342, '127.0.0.1');
INSERT INTO `auth_login_log` VALUES (818, 11, 'alex', 1, 'ALEX', 1527341748, '127.0.0.1');
INSERT INTO `auth_login_log` VALUES (819, 11, 'alex', 1, 'ALEX', 1527342285, '127.0.0.1');
INSERT INTO `auth_login_log` VALUES (820, 11, 'alex', 1, 'ALEX', 1527342585, '127.0.0.1');
INSERT INTO `auth_login_log` VALUES (821, 11, 'alex', 1, 'ALEX', 1527342691, '127.0.0.1');
INSERT INTO `auth_login_log` VALUES (822, 11, 'alex', 1, 'ALEX', 1527344319, '127.0.0.1');
INSERT INTO `auth_login_log` VALUES (823, 11, 'alex', 1, 'ALEX', 1527344769, '127.0.0.1');
INSERT INTO `auth_login_log` VALUES (824, 11, 'alex', 1, 'ALEX', 1527345314, '127.0.0.1');
INSERT INTO `auth_login_log` VALUES (825, 11, 'alex', 1, 'ALEX', 1527345653, '127.0.0.1');
INSERT INTO `auth_login_log` VALUES (826, 11, 'alex', 1, 'ALEX', 1527345676, '127.0.0.1');
INSERT INTO `auth_login_log` VALUES (827, 11, 'alex', 1, 'ALEX', 1527345687, '127.0.0.1');
INSERT INTO `auth_login_log` VALUES (828, 11, 'alex', 1, 'ALEX', 1527345701, '127.0.0.1');
INSERT INTO `auth_login_log` VALUES (829, 11, 'alex', 1, 'ALEX', 1527345736, '127.0.0.1');
INSERT INTO `auth_login_log` VALUES (830, 11, 'alex', 1, 'ALEX', 1527346179, '127.0.0.1');
INSERT INTO `auth_login_log` VALUES (831, 11, 'alex', 1, 'ALEX', 1527346184, '127.0.0.1');
INSERT INTO `auth_login_log` VALUES (832, 11, 'alex', 1, 'ALEX', 1527346191, '127.0.0.1');
INSERT INTO `auth_login_log` VALUES (833, 11, 'alex', 1, 'ALEX', 1527346500, '127.0.0.1');
INSERT INTO `auth_login_log` VALUES (834, 11, 'alex', 1, 'ALEX', 1527347082, '127.0.0.1');
INSERT INTO `auth_login_log` VALUES (835, 1, 'admin', 1, '超级管理员', 1527347215, '127.0.0.1');
INSERT INTO `auth_login_log` VALUES (836, 1, 'admin', 1, '超级管理员', 1527348084, '127.0.0.1');
INSERT INTO `auth_login_log` VALUES (837, 1, 'admin', 1, '超级管理员', 1527349381, '127.0.0.1');
INSERT INTO `auth_login_log` VALUES (838, 1, 'admin', 1, '超级管理员', 1527349818, '127.0.0.1');
INSERT INTO `auth_login_log` VALUES (839, 1, 'admin', 1, '超级管理员', 1527349829, '127.0.0.1');
INSERT INTO `auth_login_log` VALUES (840, 1, 'admin', 1, '超级管理员', 1527350208, '127.0.0.1');
INSERT INTO `auth_login_log` VALUES (841, 1, 'admin', 1, '超级管理员', 1527350719, '127.0.0.1');
INSERT INTO `auth_login_log` VALUES (842, 1, 'admin', 1, '超级管理员', 1527350794, '127.0.0.1');
INSERT INTO `auth_login_log` VALUES (843, 1, 'admin', 1, '超级管理员', 1527350862, '127.0.0.1');
INSERT INTO `auth_login_log` VALUES (844, 1, 'admin', 1, '超级管理员', 1527350921, '127.0.0.1');
INSERT INTO `auth_login_log` VALUES (845, 1, 'admin', 1, '超级管理员', 1527351025, '125.71.152.36');
INSERT INTO `auth_login_log` VALUES (846, 1, 'admin', 1, '超级管理员', 1527397070, '125.71.152.36');
INSERT INTO `auth_login_log` VALUES (847, 1, 'admin', 1, '超级管理员', 1527397180, '125.71.152.36');
INSERT INTO `auth_login_log` VALUES (848, 1, 'admin', 1, '超级管理员', 1527406503, '118.116.119.179');
INSERT INTO `auth_login_log` VALUES (849, 1, 'admin', 1, '超级管理员', 1527406549, '118.116.119.179');
INSERT INTO `auth_login_log` VALUES (850, 1, 'admin', 1, '超级管理员', 1527407273, '125.71.152.36');
INSERT INTO `auth_login_log` VALUES (851, 1, 'admin', 1, '超级管理员', 1527407340, '125.71.152.36');
INSERT INTO `auth_login_log` VALUES (852, 1, 'admin', 1, '超级管理员', 1527407518, '125.71.152.36');
INSERT INTO `auth_login_log` VALUES (853, 1, 'admin', 1, '超级管理员', 1527407657, '125.71.152.36');
INSERT INTO `auth_login_log` VALUES (854, 1, 'admin', 1, '超级管理员', 1527408495, '125.71.152.36');
INSERT INTO `auth_login_log` VALUES (855, 1, 'admin', 1, '超级管理员', 1527415415, '125.71.152.36');
INSERT INTO `auth_login_log` VALUES (856, 1, 'admin', 1, '超级管理员', 1527415433, '127.0.0.1');
INSERT INTO `auth_login_log` VALUES (857, 1, 'admin', 1, '超级管理员', 1527417004, '127.0.0.1');
INSERT INTO `auth_login_log` VALUES (858, 1, 'admin', 1, '超级管理员', 1527420709, '125.69.125.83');
INSERT INTO `auth_login_log` VALUES (859, 1, 'admin', 1, '超级管理员', 1527421627, '127.0.0.1');
INSERT INTO `auth_login_log` VALUES (860, 1, 'admin', 1, '超级管理员', 1527427225, '125.71.152.36');
INSERT INTO `auth_login_log` VALUES (861, 1, 'admin', 1, '超级管理员', 1527430679, '125.71.152.36');
INSERT INTO `auth_login_log` VALUES (862, 1, 'admin', 1, '超级管理员', 1527431852, '125.69.125.83');
INSERT INTO `auth_login_log` VALUES (863, 1, 'admin', 1, '超级管理员', 1527505278, '182.150.27.146');
INSERT INTO `auth_login_log` VALUES (864, 1, 'admin', 1, '超级管理员', 1527511158, '127.0.0.1');
INSERT INTO `auth_login_log` VALUES (865, 1, 'admin', 1, '超级管理员', 1527515184, '125.69.125.83');
INSERT INTO `auth_login_log` VALUES (866, 1, 'admin', 1, '超级管理员', 1527521251, '125.71.152.36');
INSERT INTO `auth_login_log` VALUES (867, 1, 'admin', 1, '超级管理员', 1527606241, '125.69.125.83');
INSERT INTO `auth_login_log` VALUES (868, 1, 'admin', 1, '超级管理员', 1527642123, '118.113.3.61');
INSERT INTO `auth_login_log` VALUES (869, 1, 'admin', 1, '超级管理员', 1527688659, '171.217.143.223');
INSERT INTO `auth_login_log` VALUES (870, 1, 'admin', 1, '超级管理员', 1527696647, '211.162.219.135');
INSERT INTO `auth_login_log` VALUES (871, 1, 'admin', 1, '超级管理员', 1527776390, '127.0.0.1');
INSERT INTO `auth_login_log` VALUES (872, 1, 'admin', 1, '超级管理员', 1527776985, '171.214.183.198');
INSERT INTO `auth_login_log` VALUES (873, 1, 'admin', 1, '超级管理员', 1527779799, '171.217.143.223');
INSERT INTO `auth_login_log` VALUES (874, 1, 'admin', 1, '超级管理员', 1527783483, '127.0.0.1');
INSERT INTO `auth_login_log` VALUES (875, 1, 'admin', 1, '超级管理员', 1527819566, '222.210.8.231');
INSERT INTO `auth_login_log` VALUES (876, 1, 'admin', 1, '超级管理员', 1527837219, '222.210.8.231');
INSERT INTO `auth_login_log` VALUES (877, 1, 'admin', 1, '超级管理员', 1527840495, '222.210.8.231');
INSERT INTO `auth_login_log` VALUES (878, 12, 'kjkwer', 1, '张三', 1527841673, '222.210.8.231');
INSERT INTO `auth_login_log` VALUES (879, 13, 'sgws', 1, '三国无双', 1527857534, '211.162.219.135');
INSERT INTO `auth_login_log` VALUES (880, 1, 'admin', 1, '超级管理员', 1527868574, '171.217.143.223');
INSERT INTO `auth_login_log` VALUES (881, 1, 'admin', 1, '超级管理员', 1527898745, '171.217.143.223');
INSERT INTO `auth_login_log` VALUES (882, 1, 'admin', 1, '超级管理员', 1527904114, '171.217.143.223');
INSERT INTO `auth_login_log` VALUES (883, 1, 'admin', 1, '超级管理员', 1527911895, '45.252.2.73');
INSERT INTO `auth_login_log` VALUES (884, 1, 'admin', 1, '超级管理员', 1527914406, '171.214.183.198');
INSERT INTO `auth_login_log` VALUES (885, 1, 'admin', 1, '超级管理员', 1527916626, '171.214.183.198');
INSERT INTO `auth_login_log` VALUES (886, 1, 'admin', 1, '超级管理员', 1527928043, '125.71.154.184');
INSERT INTO `auth_login_log` VALUES (887, 1, 'admin', 1, '超级管理员', 1527928076, '125.71.154.184');
INSERT INTO `auth_login_log` VALUES (888, 1, 'admin', 1, '超级管理员', 1527928212, '127.0.0.1');
INSERT INTO `auth_login_log` VALUES (889, 1, 'admin', 1, '超级管理员', 1527929275, '171.214.183.198');
INSERT INTO `auth_login_log` VALUES (890, 1, 'admin', 1, '超级管理员', 1527929778, '127.0.0.1');
INSERT INTO `auth_login_log` VALUES (891, 1, 'admin', 1, '超级管理员', 1527929782, '127.0.0.1');
INSERT INTO `auth_login_log` VALUES (892, 1, 'admin', 1, '超级管理员', 1527931522, '127.0.0.1');
INSERT INTO `auth_login_log` VALUES (893, 1, 'admin', 1, '超级管理员', 1527933432, '171.217.143.223');
INSERT INTO `auth_login_log` VALUES (894, 1, 'admin', 1, '超级管理员', 1527935942, '171.217.143.223');
INSERT INTO `auth_login_log` VALUES (895, 1, 'admin', 1, '超级管理员', 1527938121, '171.214.183.198');
INSERT INTO `auth_login_log` VALUES (896, 1, 'admin', 1, '超级管理员', 1527939285, '171.217.143.223');
INSERT INTO `auth_login_log` VALUES (897, 1, 'admin', 1, '超级管理员', 1527943634, '171.217.143.223');
INSERT INTO `auth_login_log` VALUES (898, 1, 'admin', 1, '超级管理员', 1527953303, '171.214.183.198');
INSERT INTO `auth_login_log` VALUES (899, 1, 'admin', 1, '超级管理员', 1527992438, '127.0.0.1');
INSERT INTO `auth_login_log` VALUES (900, 1, 'admin', 1, '超级管理员', 1527992734, '171.217.143.223');
INSERT INTO `auth_login_log` VALUES (901, 1, 'admin', 1, '超级管理员', 1528005826, '171.217.143.223');
INSERT INTO `auth_login_log` VALUES (902, 1, 'admin', 1, '超级管理员', 1528016508, '171.214.183.198');
INSERT INTO `auth_login_log` VALUES (903, 1, 'admin', 1, '超级管理员', 1528039281, '171.217.143.223');
INSERT INTO `auth_login_log` VALUES (904, 1, 'admin', 1, '超级管理员', 1528039301, '171.214.183.198');
INSERT INTO `auth_login_log` VALUES (905, 1, 'admin', 1, '超级管理员', 1528041303, '171.214.183.198');

-- ----------------------------
-- Table structure for auth_role
-- ----------------------------
DROP TABLE IF EXISTS `auth_role`;
CREATE TABLE `auth_role`  (
  `role_id` int(11) NOT NULL AUTO_INCREMENT COMMENT '角色ID',
  `role_name` varchar(100) CHARACTER SET utf8mb4 COLLATE utf8mb4_general_ci NOT NULL COMMENT '角色名称',
  `remark` varchar(1000) CHARACTER SET utf8mb4 COLLATE utf8mb4_general_ci NOT NULL DEFAULT '' COMMENT '备注',
  `permissions` text CHARACTER SET utf8mb4 COLLATE utf8mb4_general_ci NOT NULL COMMENT '权限列表',
  `permissions_version` bigint(20) NOT NULL DEFAULT 0 COMMENT '权限版本号',
  `status` tinyint(4) NOT NULL DEFAULT 0 COMMENT '状态（0：无效，1：有效）',
  `create_time` int(11) NOT NULL COMMENT '创建时间',
  `update_time` int(11) NOT NULL COMMENT '更新时间',
  `create_user_id` int(11) NOT NULL COMMENT '创建者ID',
  PRIMARY KEY (`role_id`) USING BTREE,
  UNIQUE INDEX `uniq_role_name`(`role_name`) USING BTREE
) ENGINE = InnoDB AUTO_INCREMENT = 2 CHARACTER SET = utf8mb4 COLLATE = utf8mb4_general_ci ROW_FORMAT = Compact;

-- ----------------------------
-- Records of auth_role
-- ----------------------------
INSERT INTO `auth_role` VALUES (1, '超级用户组', '能够查看所有权限', '{\"100\":[],\"100001\":[\"1\",\"2\",\"3\",\"4\",\"9\"],\"100002\":[\"1\",\"2\",\"3\",\"4\"]}', 3, 1, 1495188554, 1527323002, 1);

-- ----------------------------
-- Table structure for auth_user
-- ----------------------------
DROP TABLE IF EXISTS `auth_user`;
CREATE TABLE `auth_user`  (
  `user_id` int(11) NOT NULL AUTO_INCREMENT COMMENT '商户ID',
  `business_name` varchar(50) CHARACTER SET utf8mb4 COLLATE utf8mb4_general_ci NOT NULL COMMENT '商户名称',
  `username` varchar(50) CHARACTER SET utf8mb4 COLLATE utf8mb4_general_ci NOT NULL COMMENT '平台用户名',
  `role_id` int(11) NOT NULL DEFAULT 0 COMMENT '所属角色ID',
  `salt` varchar(50) CHARACTER SET utf8mb4 COLLATE utf8mb4_general_ci NOT NULL COMMENT '密码盐值',
  `password` varchar(100) CHARACTER SET utf8mb4 COLLATE utf8mb4_general_ci NOT NULL COMMENT '平台密码：MD5(原始密码+salt)',
  `business_license_code` varchar(200) CHARACTER SET utf8mb4 COLLATE utf8mb4_general_ci NOT NULL DEFAULT '' COMMENT '营业执照代码',
  `realname` varchar(50) CHARACTER SET utf8mb4 COLLATE utf8mb4_general_ci NOT NULL DEFAULT '' COMMENT '联系人姓名',
  `phone` varchar(20) CHARACTER SET utf8mb4 COLLATE utf8mb4_general_ci NOT NULL DEFAULT '' COMMENT '联系人手机',
  `email` varchar(100) CHARACTER SET utf8mb4 COLLATE utf8mb4_general_ci NOT NULL DEFAULT '' COMMENT '联系人邮箱',
  `province` varchar(50) CHARACTER SET utf8mb4 COLLATE utf8mb4_general_ci NOT NULL DEFAULT '' COMMENT '省',
  `city` varchar(50) CHARACTER SET utf8mb4 COLLATE utf8mb4_general_ci NOT NULL DEFAULT '' COMMENT '市',
  `district` varchar(50) CHARACTER SET utf8mb4 COLLATE utf8mb4_general_ci NOT NULL DEFAULT '' COMMENT '区',
  `address` varchar(500) CHARACTER SET utf8mb4 COLLATE utf8mb4_general_ci NOT NULL DEFAULT '' COMMENT '联系地址',
  `intro` varchar(1000) CHARACTER SET utf8mb4 COLLATE utf8mb4_general_ci NOT NULL DEFAULT '' COMMENT '商户简介',
  `status` tinyint(4) NOT NULL DEFAULT 0 COMMENT '状态（0：禁用，1：启用）',
  `create_time` int(11) NOT NULL COMMENT '创建时间',
  `update_time` int(11) NOT NULL COMMENT '更新时间',
  `last_login_time` int(11) NOT NULL DEFAULT 0 COMMENT '最近登录时间',
  `last_login_ip` varchar(50) CHARACTER SET utf8mb4 COLLATE utf8mb4_general_ci NOT NULL DEFAULT '' COMMENT '最近登录IP',
  `login_times` int(11) NOT NULL DEFAULT 0 COMMENT '总登录次数',
  `create_user_id` int(11) NOT NULL COMMENT '创建者ID',
  `modify_version` bigint(20) NOT NULL DEFAULT 0 COMMENT '用户变更版本号',
  PRIMARY KEY (`user_id`) USING BTREE,
  UNIQUE INDEX `uniq_username`(`username`) USING BTREE,
  UNIQUE INDEX `uniq_phone`(`phone`) USING BTREE,
  UNIQUE INDEX `uniq_email`(`email`) USING BTREE,
  INDEX `idx_role_id`(`role_id`) USING BTREE
) ENGINE = InnoDB AUTO_INCREMENT = 14 CHARACTER SET = utf8mb4 COLLATE = utf8mb4_general_ci ROW_FORMAT = Compact;

-- ----------------------------
-- Records of auth_user
-- ----------------------------
INSERT INTO `auth_user` VALUES (1, '测试商户1', 'admin', 1, '591ec4f5a4dad', '7a6f0253ac73ef8f522b4b8920bf99d2', '', '超级管理员', '123456789', 'admin@woqugame.om', '', '', '', '', '', 1, 1495188725, 1527309308, 1528041303, '171.214.183.198', 74, 1, 1);
INSERT INTO `auth_user` VALUES (11, '测试商户2', 'alex', 1, '5b08e4305ce87', 'e3c01689c3e7c729bb9a31fab33e191e', '', 'ALEX', '13811111111', 'yzpnet@126.com', '', '', '', '', '', 1, 1527309360, 1527344765, 1527347082, '127.0.0.1', 34, 1, 2);
INSERT INTO `auth_user` VALUES (12, '测试商户3-修改测试2', 'kjkwer', 1, '5b10015d4cd3c', '5e16bdfb9a8b114a3b931e5f57ecb391', 'JIJ002', '张三', '13551277896', '165151@51151.com', '陕西', '渭南市', '华阴市', '成都市绿地', '好好好', 1, 1527775453, 1527775581, 1527841673, '222.210.8.231', 1, 1, 0);
INSERT INTO `auth_user` VALUES (13, '三国无双', 'sgws', 1, '5b114165ab120', '9d64a621512b82dff6e755f1a10e5b3b', 'sdadass', '三国无双', '1369852', '45456456@jj.com', '新疆', '克孜勒苏柯尔克孜自治州', '阿合奇县', '是你家开的那家', '', 1, 1527857509, 1527905754, 1527857534, '211.162.219.135', 1, 1, 1);

-- ----------------------------
-- Table structure for base_op_log
-- ----------------------------
DROP TABLE IF EXISTS `base_op_log`;
CREATE TABLE `base_op_log`  (
  `id` bigint(20) NOT NULL AUTO_INCREMENT COMMENT '自增ID',
  `menu_id` varchar(50) CHARACTER SET utf8mb4 COLLATE utf8mb4_general_ci NOT NULL COMMENT '菜单ID',
  `op_user_id` int(11) NOT NULL COMMENT '用户ID',
  `op_username` varchar(50) CHARACTER SET utf8mb4 COLLATE utf8mb4_general_ci NOT NULL,
  `op_realname` varchar(50) CHARACTER SET utf8mb4 COLLATE utf8mb4_general_ci NOT NULL,
  `op_role_id` int(11) NOT NULL,
  `op_description` varchar(50) CHARACTER SET utf8mb4 COLLATE utf8mb4_general_ci NOT NULL COMMENT '操作简介',
  `op_detail` varchar(8000) CHARACTER SET utf8mb4 COLLATE utf8mb4_general_ci NOT NULL COMMENT '操作详情',
  `op_json` text CHARACTER SET utf8mb4 COLLATE utf8mb4_general_ci NOT NULL COMMENT '操作JSON',
  `create_time` int(11) NOT NULL COMMENT '创建时间',
  PRIMARY KEY (`id`) USING BTREE,
  INDEX `idx_menu_id`(`menu_id`) USING BTREE,
  INDEX `idx_op_user_id`(`op_user_id`) USING BTREE
) ENGINE = InnoDB AUTO_INCREMENT = 13222 CHARACTER SET = utf8mb4 COLLATE = utf8mb4_general_ci ROW_FORMAT = Compact;

-- ----------------------------
-- Records of base_op_log
-- ----------------------------
INSERT INTO `base_op_log` VALUES (13126, '100002', 1, 'admin', '超级管理员', 1, '用户编辑', '编辑了用户：1', '{\"user_id\":\"1\",\"avatar\":\"1\",\"avatar_bg\":\"1\",\"username\":\"admin\",\"role_id\":\"1\",\"salt\":\"591ec4f5a4dad\",\"password\":\"7a6f0253ac73ef8f522b4b8920bf99d2\",\"realname\":\"\\u8d85\\u7ea7\\u7ba1\\u7406\\u5458\",\"phone\":\"123456789\",\"email\":\"admin@woqugame.om\",\"sex\":\"1\",\"organization\":\"\\u603b\\u529e\",\"title\":\"CEO\",\"is_super_admin\":\"1\",\"status\":\"1\",\"create_time\":\"1495188725\",\"update_time\":1527309308,\"last_login_time\":\"1527309234\",\"last_login_ip\":\"127.0.0.1\",\"login_times\":\"2\",\"create_user_id\":\"1\",\"modify_version\":1}', 1527309308);
INSERT INTO `base_op_log` VALUES (13127, '100002', 1, 'admin', '超级管理员', 1, '用户新增', '新增了用户：alex', '{\"avatar\":\"1\",\"avatar_bg\":\"1\",\"role_id\":\"1\",\"sex\":\"1\",\"organization\":\"\\u6280\\u672f\\u90e8\",\"title\":\"\\u666e\\u901a\\u5458\\u5de5\",\"is_super_admin\":\"1\",\"status\":\"1\",\"last_login_time\":0,\"last_login_ip\":\"\",\"login_times\":0,\"modify_version\":\"0\",\"user_id\":\"\",\"username\":\"alex\",\"password\":\"e3c01689c3e7c729bb9a31fab33e191e\",\"realname\":\"ALEX\",\"phone\":\"13811111111\",\"email\":\"yzpnet@126.com\",\"salt\":\"5b08e4305ce87\",\"create_time\":1527309360,\"update_time\":1527309360,\"create_user_id\":\"1\"}', 1527309360);
INSERT INTO `base_op_log` VALUES (13128, '100001', 1, 'admin', '超级管理员', 1, '角色编辑', '编辑了角色：1', '{\"role_id\":\"1\",\"role_name\":\"\\u8d85\\u7ea7\\u7528\\u6237\\u7ec4\",\"remark\":\"\\u80fd\\u591f\\u67e5\\u770b\\u6240\\u6709\\u6743\\u9650\",\"permissions\":\"{\\\"1\\\":[],\\\"99\\\":[],\\\"100\\\":[],\\\"1001\\\":[\\\"1\\\",\\\"3\\\"],\\\"1002\\\":[\\\"1\\\",\\\"3\\\"],\\\"1003\\\":[\\\"1\\\"],\\\"1004\\\":[],\\\"1005\\\":[],\\\"1006\\\":[],\\\"1007\\\":[\\\"1\\\",\\\"3\\\",\\\"12\\\"],\\\"1008\\\":[\\\"1\\\"],\\\"99001\\\":[\\\"1\\\"],\\\"100001\\\":[\\\"1\\\",\\\"2\\\",\\\"3\\\",\\\"4\\\",\\\"9\\\"],\\\"100002\\\":[\\\"1\\\",\\\"2\\\",\\\"3\\\",\\\"4\\\"]}\",\"permissions_version\":\"1\",\"status\":\"1\",\"create_time\":\"1495188554\",\"update_time\":1527322862,\"create_user_id\":\"1\"}', 1527322862);
INSERT INTO `base_op_log` VALUES (13129, '100001', 1, 'admin', '超级管理员', 1, '角色权限更新', '角色权限更新：1', '{\"role_id\":\"1\",\"role_name\":\"\\u8d85\\u7ea7\\u7528\\u6237\\u7ec4\",\"remark\":\"\\u80fd\\u591f\\u67e5\\u770b\\u6240\\u6709\\u6743\\u9650\",\"permissions\":\"{\\\"100\\\":[],\\\"100001\\\":[\\\"1\\\",\\\"2\\\",\\\"3\\\",\\\"4\\\",\\\"9\\\"],\\\"100002\\\":[\\\"1\\\",\\\"2\\\",\\\"3\\\",\\\"4\\\"]}\",\"permissions_version\":2,\"status\":\"1\",\"create_time\":\"1495188554\",\"update_time\":1527322871,\"create_user_id\":\"1\"}', 1527322871);
INSERT INTO `base_op_log` VALUES (13130, '100001', 1, 'admin', '超级管理员', 1, '角色权限更新', '角色权限更新：1', '{\"role_id\":\"1\",\"role_name\":\"\\u8d85\\u7ea7\\u7528\\u6237\\u7ec4\",\"remark\":\"\\u80fd\\u591f\\u67e5\\u770b\\u6240\\u6709\\u6743\\u9650\",\"permissions\":\"{\\\"100\\\":[],\\\"100001\\\":[\\\"1\\\",\\\"2\\\",\\\"3\\\",\\\"4\\\",\\\"9\\\"],\\\"100002\\\":[\\\"1\\\",\\\"2\\\",\\\"3\\\",\\\"4\\\"]}\",\"permissions_version\":3,\"status\":\"1\",\"create_time\":\"1495188554\",\"update_time\":1527323002,\"create_user_id\":\"1\"}', 1527323002);
INSERT INTO `base_op_log` VALUES (13131, '100002', 11, 'alex', 'ALEX', 1, '用户编辑', '编辑了用户：11', '{\"user_id\":\"11\",\"avatar\":\"1\",\"avatar_bg\":\"1\",\"username\":\"alex\",\"role_id\":\"1\",\"salt\":\"5b08e4305ce87\",\"password\":\"e3c01689c3e7c729bb9a31fab33e191e\",\"realname\":\"ALEX\",\"phone\":\"13811111111\",\"email\":\"yzpnet@126.com\",\"is_super_admin\":\"1\",\"status\":\"1\",\"create_time\":\"1527309360\",\"update_time\":1527343830,\"last_login_time\":\"1527342691\",\"last_login_ip\":\"127.0.0.1\",\"login_times\":\"21\",\"create_user_id\":\"1\",\"modify_version\":1}', 1527343830);
INSERT INTO `base_op_log` VALUES (13132, '100002', 11, 'alex', 'ALEX', 1, '用户编辑', '编辑了用户：11', '{\"user_id\":\"11\",\"avatar\":\"1\",\"avatar_bg\":\"1\",\"username\":\"alex\",\"role_id\":\"1\",\"salt\":\"5b08e4305ce87\",\"password\":\"e3c01689c3e7c729bb9a31fab33e191e\",\"realname\":\"ALEX\",\"phone\":\"13811111111\",\"email\":\"yzpnet@126.com\",\"province\":\"\",\"city\":\"\",\"district\":\"\",\"address\":\"\",\"is_super_admin\":\"1\",\"status\":\"1\",\"create_time\":\"1527309360\",\"update_time\":1527344765,\"last_login_time\":\"1527344318\",\"last_login_ip\":\"127.0.0.1\",\"login_times\":\"22\",\"create_user_id\":\"1\",\"modify_version\":2}', 1527344765);
INSERT INTO `base_op_log` VALUES (13133, '1001', 1, 'admin', '超级管理员', 1, '修改码段', '修改码段：1', '{\"id\":\"1\",\"name\":\"\\u6d4b\\u8bd5\\u7801\\u6bb5\",\"activity_id\":\"0\",\"active_count\":\"0\",\"total_count\":\"100\",\"start_num\":\"9223372036854775807\",\"end_num\":\"9223372036854775807\",\"status\":\"1\",\"create_user_id\":\"0\",\"create_time\":\"1527337792\",\"update_time\":1527348197}', 1527348197);
INSERT INTO `base_op_log` VALUES (13134, '1001', 1, 'admin', '超级管理员', 1, '修改码段', '修改码段：1', '{\"id\":\"1\",\"name\":\"\\u6d4b\\u8bd5\\u7801\\u6bb5\",\"activity_id\":\"0\",\"active_count\":\"0\",\"total_count\":\"100\",\"start_num\":\"9223372036854775807\",\"end_num\":\"9223372036854775807\",\"status\":\"1\",\"create_user_id\":\"0\",\"create_time\":\"1527337792\",\"update_time\":1527350875}', 1527350875);
INSERT INTO `base_op_log` VALUES (13135, '1001', 1, 'admin', '超级管理员', 1, '修改码段', '修改码段：1', '{\"id\":\"1\",\"name\":\"\\u6d4b\\u8bd5\\u7801\\u6bb5\",\"activity_id\":\"0\",\"active_count\":\"0\",\"total_count\":\"100\",\"start_num\":\"9223372036854775807\",\"end_num\":\"9223372036854775807\",\"status\":\"0\",\"create_user_id\":\"0\",\"create_time\":\"1527337792\",\"update_time\":1527350884}', 1527350884);
INSERT INTO `base_op_log` VALUES (13136, '1001', 1, 'admin', '超级管理员', 1, '修改码段', '修改码段：1', '{\"id\":\"1\",\"name\":\"\\u6d4b\\u8bd5\\u7801\\u6bb5\",\"activity_id\":\"0\",\"active_count\":\"0\",\"total_count\":\"100\",\"start_num\":\"9223372036854775807\",\"end_num\":\"9223372036854775807\",\"status\":\"1\",\"create_user_id\":\"0\",\"create_time\":\"1527337792\",\"update_time\":1527350929}', 1527350930);
INSERT INTO `base_op_log` VALUES (13137, '1001', 1, 'admin', '超级管理员', 1, '修改码段', '修改码段：1', '{\"id\":\"1\",\"name\":\"\\u6d4b\\u8bd5\\u7801\\u6bb5\",\"activity_id\":\"0\",\"active_count\":\"0\",\"total_count\":\"100\",\"start_num\":\"9223372036854775807\",\"end_num\":\"9223372036854775807\",\"status\":\"0\",\"create_user_id\":\"0\",\"create_time\":\"1527337792\",\"update_time\":1527415494}', 1527415494);
INSERT INTO `base_op_log` VALUES (13138, '1001', 1, 'admin', '超级管理员', 1, '修改码段', '修改码段：1', '{\"id\":\"1\",\"name\":\"\\u6d4b\\u8bd5\\u7801\\u6bb5\",\"activity_id\":\"0\",\"active_count\":\"0\",\"total_count\":\"100\",\"start_num\":\"9223372036854775807\",\"end_num\":\"9223372036854775807\",\"status\":\"1\",\"create_user_id\":\"0\",\"create_time\":\"1527337792\",\"update_time\":1527415505}', 1527415505);
INSERT INTO `base_op_log` VALUES (13139, '1001', 1, 'admin', '超级管理员', 1, '修改码段', '修改码段：1', '{\"id\":\"1\",\"name\":\"\\u6d4b\\u8bd5\\u7801\\u6bb5\",\"activity_id\":\"0\",\"active_count\":\"0\",\"total_count\":\"100\",\"start_num\":\"1000000000000000001\",\"end_num\":\"1000000000000000100\",\"status\":\"1\",\"owner_id\":\"0\",\"create_time\":\"1527337792\",\"update_time\":1527423491}', 1527423491);
INSERT INTO `base_op_log` VALUES (13140, '2001', 1, 'admin', '超级管理员', 1, '创建奖品模板', '创建奖品模板ID：', '{\"name\":\"\\u5c0f\\u7c73\\u624b\\u673aMIX2S\",\"prize_type\":\"1\",\"deliver_from\":2,\"deliver_type\":\"1\",\"status\":\"1\",\"cost\":0,\"price\":\"1599\",\"info\":\"\\u5c0f\\u7c73\\u624b\\u673a\",\"avatar\":\"\",\"create_time\":1527428746,\"update_time\":1527428746,\"id\":\"\",\"create_user_id\":\"1\"}', 1527428746);
INSERT INTO `base_op_log` VALUES (13141, '2001', 1, 'admin', '超级管理员', 1, '修改奖品模板', '修改奖品模板：1', '{\"id\":\"1\",\"name\":\"\\u5c0f\\u7c73\\u624b\\u673aMIX2S\",\"prize_type\":\"1\",\"deliver_from\":\"2\",\"deliver_type\":\"2\",\"status\":\"1\",\"cost\":\"0\",\"price\":\"1599\",\"info\":\"\\u5c0f\\u7c73\\u624b\\u673a\",\"avatar\":\"\",\"create_user_id\":\"1\",\"create_time\":\"1527428746\",\"update_time\":1527432241}', 1527432241);
INSERT INTO `base_op_log` VALUES (13142, '2002', 1, 'admin', '超级管理员', 1, '创建奖品', '创建奖品模板ID：', '{\"prize_template_id\":0,\"prize_type\":\"1\",\"deliver_from\":2,\"deliver_type\":\"2\",\"price\":\"1599\",\"name\":\"\\u5c0f\\u7c73\\u624b\\u673aMIX2S\",\"info\":\"\\u5c0f\\u7c73\\u624b\\u673a\",\"avatar\":\"\",\"status\":\"0\",\"total\":\"1000\",\"used\":0,\"delivered_count\":0,\"create_time\":1527516409,\"update_time\":1527516409,\"id\":\"\",\"create_user_id\":\"1\"}', 1527516409);
INSERT INTO `base_op_log` VALUES (13143, '2001', 1, 'admin', '超级管理员', 1, '创建奖品模板', '创建奖品模板ID：', '{\"name\":\"\\u534e\\u4e3aP20\",\"prize_type\":\"1\",\"deliver_from\":2,\"deliver_type\":\"1\",\"status\":\"1\",\"cost\":0,\"price\":\"2999\",\"info\":\"\\u534e\\u4e3aP20\\u624b\\u673a\",\"avatar\":\"\",\"create_time\":1527517196,\"update_time\":1527517196,\"id\":\"\",\"create_user_id\":\"1\"}', 1527517196);
INSERT INTO `base_op_log` VALUES (13144, '2002', 1, 'admin', '超级管理员', 1, '修改奖品模板', '修改奖品模板：1', '{\"id\":\"1\",\"prize_template_id\":\"0\",\"prize_type\":\"1\",\"deliver_from\":\"2\",\"deliver_type\":\"2\",\"price\":\"1599\",\"name\":\"\\u5c0f\\u7c73\\u624b\\u673aMIX2S\",\"info\":\"\\u5c0f\\u7c73\\u624b\\u673a\",\"avatar\":\"\",\"status\":\"0\",\"total\":\"1000\",\"used\":\"0\",\"delivered_count\":\"0\",\"create_user_id\":\"1\",\"create_time\":\"1527516409\",\"update_time\":1527517747}', 1527517747);
INSERT INTO `base_op_log` VALUES (13145, '2002', 1, 'admin', '超级管理员', 1, '修改奖品模板', '修改奖品模板：1', '{\"id\":\"1\",\"prize_template_id\":\"0\",\"prize_type\":\"1\",\"deliver_from\":\"2\",\"deliver_type\":\"2\",\"price\":\"1599\",\"name\":\"\\u5c0f\\u7c73\\u624b\\u673aMIX2S\",\"info\":\"\\u5c0f\\u7c73\\u624b\\u673a\",\"avatar\":\"\",\"status\":\"0\",\"total\":\"1000\",\"used\":\"5\",\"delivered_count\":\"2\",\"create_user_id\":\"1\",\"create_time\":\"1527516409\",\"update_time\":1527517805}', 1527517805);
INSERT INTO `base_op_log` VALUES (13146, '2002', 1, 'admin', '超级管理员', 1, '修改奖品模板', '修改奖品模板：1', '{\"id\":\"1\",\"prize_template_id\":\"0\",\"prize_type\":\"1\",\"deliver_from\":\"2\",\"deliver_type\":\"2\",\"price\":\"1599\",\"name\":\"\\u5c0f\\u7c73\\u624b\\u673aMIX2S\",\"info\":\"\\u5c0f\\u7c73\\u624b\\u673a\",\"avatar\":\"\",\"status\":\"0\",\"total\":\"1002\",\"used\":\"5\",\"delivered_count\":\"2\",\"create_user_id\":\"1\",\"create_time\":\"1527516409\",\"update_time\":1527517911}', 1527517911);
INSERT INTO `base_op_log` VALUES (13147, '2002', 1, 'admin', '超级管理员', 1, '修改奖品模板', '修改奖品模板：1', '{\"id\":\"1\",\"prize_template_id\":\"0\",\"prize_type\":\"1\",\"deliver_from\":\"2\",\"deliver_type\":\"2\",\"price\":\"1599\",\"name\":\"\\u5c0f\\u7c73\\u624b\\u673aMIX2S\",\"info\":\"\\u5c0f\\u7c73\\u624b\\u673a\",\"avatar\":\"\",\"status\":\"0\",\"total\":\"1000\",\"used\":\"5\",\"delivered_count\":\"2\",\"create_user_id\":\"1\",\"create_time\":\"1527516409\",\"update_time\":1527518030}', 1527518030);
INSERT INTO `base_op_log` VALUES (13148, '2002', 1, 'admin', '超级管理员', 1, '修改奖品模板', '修改奖品模板：1', '{\"id\":\"1\",\"prize_template_id\":\"0\",\"prize_type\":\"1\",\"deliver_from\":\"2\",\"deliver_type\":\"2\",\"price\":\"1599\",\"name\":\"\\u5c0f\\u7c73\\u624b\\u673aMIX2S\",\"info\":\"\\u5c0f\\u7c73\\u624b\\u673a\",\"avatar\":\"\",\"status\":\"0\",\"total\":\"1000\",\"create_user_id\":\"1\",\"create_time\":\"1527516409\",\"update_time\":1527518120,\"used\":null,\"delivered_count\":null}', 1527518120);
INSERT INTO `base_op_log` VALUES (13149, '2002', 1, 'admin', '超级管理员', 1, '修改奖品模板', '修改奖品模板：1', '{\"id\":\"1\",\"prize_template_id\":\"0\",\"prize_type\":\"1\",\"deliver_from\":\"2\",\"deliver_type\":\"2\",\"price\":\"1599\",\"name\":\"\\u5c0f\\u7c73\\u624b\\u673aMIX2S\",\"info\":\"\\u5c0f\\u7c73\\u624b\\u673a\",\"avatar\":\"\",\"status\":\"0\",\"total\":\"1000\",\"create_user_id\":\"1\",\"create_time\":\"1527516409\",\"update_time\":1527518204,\"used\":null,\"delivered_count\":null}', 1527518204);
INSERT INTO `base_op_log` VALUES (13150, '2002', 1, 'admin', '超级管理员', 1, '修改奖品模板', '修改奖品模板：1', '{\"id\":\"1\",\"prize_template_id\":\"2\",\"prize_type\":\"1\",\"deliver_from\":\"2\",\"deliver_type\":\"2\",\"price\":\"1599\",\"name\":\"\\u5c0f\\u7c73\\u624b\\u673aMIX2S\",\"info\":\"\\u5c0f\\u7c73\\u624b\\u673a\",\"avatar\":\"\",\"status\":\"0\",\"total\":\"1000\",\"create_user_id\":\"1\",\"create_time\":\"1527516409\",\"update_time\":1527518303,\"used\":null,\"delivered_count\":null}', 1527518303);
INSERT INTO `base_op_log` VALUES (13151, '2001', 1, 'admin', '超级管理员', 1, '修改奖品模板', '修改奖品模板：2', '{\"id\":\"2\",\"name\":\"\\u534e\\u4e3aP20\",\"prize_type\":\"1\",\"deliver_from\":\"2\",\"deliver_type\":\"2\",\"status\":\"1\",\"cost\":\"0\",\"price\":\"2999\",\"info\":\"\\u534e\\u4e3aP20\\u624b\\u673a\",\"avatar\":\"\",\"create_user_id\":\"1\",\"create_time\":\"1527517196\",\"update_time\":1527523790}', 1527523790);
INSERT INTO `base_op_log` VALUES (13152, '2001', 1, 'admin', '超级管理员', 1, '修改奖品模板', '修改奖品模板：1', '{\"id\":\"1\",\"name\":\"\\u5c0f\\u7c73\\u624b\\u673aMIX2S\",\"prize_type\":\"1\",\"deliver_from\":\"2\",\"deliver_type\":\"1\",\"status\":\"1\",\"cost\":\"0\",\"price\":\"1599\",\"info\":\"\\u5c0f\\u7c73\\u624b\\u673a\",\"avatar\":\"\",\"create_user_id\":\"1\",\"create_time\":\"1527428746\",\"update_time\":1527523842}', 1527523842);
INSERT INTO `base_op_log` VALUES (13153, '2002', 1, 'admin', '超级管理员', 1, '修改奖品模板', '修改奖品模板：1', '{\"id\":\"1\",\"prize_template_id\":\"2\",\"prize_type\":\"1\",\"deliver_from\":\"2\",\"deliver_type\":\"2\",\"price\":\"2999\",\"name\":\"\\u534e\\u4e3aP20\",\"info\":\"\\u534e\\u4e3aP20\\u624b\\u673a\",\"avatar\":\"\",\"status\":\"0\",\"total\":\"1000\",\"create_user_id\":\"1\",\"create_time\":\"1527516409\",\"update_time\":1527524684,\"used\":null,\"delivered_count\":null}', 1527524684);
INSERT INTO `base_op_log` VALUES (13154, '2002', 1, 'admin', '超级管理员', 1, '修改奖品模板', '修改奖品模板：1', '{\"id\":\"1\",\"prize_template_id\":\"1\",\"prize_type\":\"1\",\"deliver_from\":\"2\",\"deliver_type\":\"1\",\"price\":\"1599\",\"name\":\"\\u5c0f\\u7c73\\u624b\\u673aMIX2S\",\"info\":\"\\u5c0f\\u7c73\\u624b\\u673a\",\"avatar\":\"\",\"status\":\"0\",\"total\":\"1000\",\"create_user_id\":\"1\",\"create_time\":\"1527516409\",\"update_time\":1527524755,\"used\":null,\"delivered_count\":null}', 1527524755);
INSERT INTO `base_op_log` VALUES (13155, '2002', 1, 'admin', '超级管理员', 1, '修改奖品模板', '修改奖品模板：1', '{\"id\":\"1\",\"prize_template_id\":\"2\",\"prize_type\":\"1\",\"deliver_from\":\"2\",\"deliver_type\":\"2\",\"price\":\"2999\",\"name\":\"\\u534e\\u4e3aP20\",\"info\":\"\\u534e\\u4e3aP20\\u624b\\u673a\",\"avatar\":\"\",\"status\":\"0\",\"total\":\"1000\",\"create_user_id\":\"1\",\"create_time\":\"1527516409\",\"update_time\":1527524764,\"used\":null,\"delivered_count\":null}', 1527524764);
INSERT INTO `base_op_log` VALUES (13156, '3001', 1, 'admin', '超级管理员', 1, '新建抽奖规则', '新建抽奖规则ID：', '{\"name\":\"\\u4e70\\u8fa3\\u80a0\\u62bd\\u738b\\u8005\\u76ae\\u80a4\",\"algorithm\":\"1\",\"info\":\"\\u4e70\\u8fa3\\u80a0\\u62bd\\u738b\\u8005\\u76ae\\u80a4\\u4ecb\\u7ecd\",\"filter_user\":\"0\",\"vip_group_type\":0,\"status\":1,\"create_time\":1527607178,\"update_time\":1527607178,\"id\":\"\",\"create_user_id\":\"1\"}', 1527607178);
INSERT INTO `base_op_log` VALUES (13157, '3001', 1, 'admin', '超级管理员', 1, '修改奖品模板', '修改奖品模板：1', '{\"id\":\"1\",\"name\":\"\\u4e70\\u8fa3\\u80a0\\u62bd\\u738b\\u8005\\u76ae\\u80a4\",\"algorithm\":\"2\",\"info\":\"\\u4e70\\u8fa3\\u80a0\\u62bd\\u738b\\u8005\\u76ae\\u80a4\\u4ecb\\u7ecd\",\"filter_user\":\"0\",\"vip_group_type\":\"0\",\"status\":1,\"create_user_id\":\"1\",\"create_time\":\"1527607178\",\"update_time\":1527607334}', 1527607334);
INSERT INTO `base_op_log` VALUES (13158, '3001', 1, 'admin', '超级管理员', 1, '修改奖品模板', '修改奖品模板：1', '{\"id\":\"1\",\"name\":\"\\u4e70\\u8fa3\\u80a0\\u62bd\\u738b\\u8005\\u76ae\\u80a4\",\"algorithm\":\"2\",\"info\":\"\\u4e70\\u8fa3\\u80a0\\u62bd\\u738b\\u8005\\u76ae\\u80a4\\u4ecb\\u7ecd\",\"filter_user\":\"1\",\"vip_group_type\":\"0\",\"status\":1,\"create_user_id\":\"1\",\"create_time\":\"1527607178\",\"update_time\":1527607341}', 1527607341);
INSERT INTO `base_op_log` VALUES (13159, '3001', 1, 'admin', '超级管理员', 1, '修改奖品模板', '修改奖品模板：1', '{\"id\":\"1\",\"name\":\"\\u4e70\\u8fa3\\u80a0\\u62bd\\u738b\\u8005\\u76ae\\u80a4\",\"algorithm\":\"2\",\"info\":\"\\u4e70\\u8fa3\\u80a0\\u62bd\\u738b\\u8005\\u76ae\\u80a4\\u4ecb\\u7ecd\",\"filter_user\":\"2\",\"vip_group_type\":\"0\",\"status\":1,\"create_user_id\":\"1\",\"create_time\":\"1527607178\",\"update_time\":1527607345}', 1527607345);
INSERT INTO `base_op_log` VALUES (13160, '3001', 1, 'admin', '超级管理员', 1, '修改奖品模板', '修改奖品模板：1', '{\"id\":\"1\",\"name\":\"\\u4e70\\u8fa3\\u80a0\\u62bd\\u738b\\u8005\\u76ae\\u80a4\",\"algorithm\":\"2\",\"info\":\"\\u4e70\\u8fa3\\u80a0\\u62bd\\u738b\\u8005\\u76ae\\u80a4\\u4ecb\\u7ecd\",\"filter_user\":\"2\",\"vip_group_type\":\"0\",\"status\":1,\"create_user_id\":\"1\",\"create_time\":\"1527607178\",\"update_time\":1527607350}', 1527607350);
INSERT INTO `base_op_log` VALUES (13161, '2002', 1, 'admin', '超级管理员', 1, '修改奖品模板', '修改奖品模板：1', '{\"id\":\"1\",\"prize_template_id\":\"2\",\"prize_type\":\"1\",\"deliver_from\":\"2\",\"deliver_type\":\"2\",\"price\":\"2999\",\"name\":\"\\u534e\\u4e3aP20\",\"info\":\"\\u534e\\u4e3aP20\\u624b\\u673a\",\"avatar\":\"\",\"status\":\"1\",\"total\":\"1000\",\"create_user_id\":\"1\",\"create_time\":\"1527516409\",\"update_time\":1527692560,\"used\":null,\"delivered_count\":null}', 1527692560);
INSERT INTO `base_op_log` VALUES (13162, '1001', 1, 'admin', '超级管理员', 1, '创建码段', '新增了码段，流水号：', '{\"activity_id\":\"0\",\"active_count\":\"0\",\"remark\":\"fwefwefwefwefwef\",\"status\":\"0\",\"id\":\"\",\"name\":\"\\u653e\\u5047\\u4e86\\u5fae\\u79ef\\u5206\",\"total_count\":\"1000\",\"create_time\":1527778278,\"update_time\":1527778278,\"owner_id\":\"1\",\"start_num\":null,\"end_num\":null,\"random_key\":null,\"gt_time\":null}', 1527778278);
INSERT INTO `base_op_log` VALUES (13163, '1001', 1, 'admin', '超级管理员', 1, '修改码段', '修改码段：3', '{\"id\":\"3\",\"name\":\"\\u653e\\u5047\\u4e86\\u5fae\\u79ef\\u5206\",\"activity_id\":\"0\",\"active_count\":\"0\",\"total_count\":\"1000\",\"start_num\":\"0\",\"end_num\":\"0\",\"remark\":\"fwefwefwefwefwef\",\"status\":\"0\",\"owner_id\":\"1\",\"create_time\":\"1527778278\",\"update_time\":1527778627,\"random_key\":null,\"gt_time\":null}', 1527778627);
INSERT INTO `base_op_log` VALUES (13164, '1001', 1, 'admin', '超级管理员', 1, '修改码段', '修改码段：3', '{\"id\":\"3\",\"name\":\"\\u653e\\u5047\\u4e86\\u5fae\\u79ef\\u5206\",\"activity_id\":\"0\",\"active_count\":\"0\",\"total_count\":\"1000\",\"start_num\":\"0\",\"end_num\":\"0\",\"remark\":\"fwefwefwefwefwef\",\"status\":\"0\",\"owner_id\":\"1\",\"create_time\":\"1527778278\",\"update_time\":1527778762,\"random_key\":null,\"gt_time\":null}', 1527778762);
INSERT INTO `base_op_log` VALUES (13165, '1001', 1, 'admin', '超级管理员', 1, '创建码段', '新增了码段，流水号：', '{\"activity_id\":\"0\",\"active_count\":\"0\",\"remark\":\"fwfwe\",\"status\":\"0\",\"id\":\"\",\"name\":\"wefwef\",\"total_count\":\"111\",\"create_time\":1527778790,\"update_time\":1527778790,\"owner_id\":\"1\",\"start_num\":null,\"end_num\":null,\"random_key\":null,\"gt_time\":null}', 1527778790);
INSERT INTO `base_op_log` VALUES (13166, '1001', 1, 'admin', '超级管理员', 1, '修改码段', '修改码段：3', '{\"id\":\"3\",\"name\":\"\\u653e\\u5047\\u4e86\\u5fae\\u79ef\\u5206\",\"activity_id\":\"0\",\"active_count\":\"0\",\"total_count\":\"1000\",\"start_num\":\"0\",\"end_num\":\"0\",\"remark\":\"fwefwefwefwefwef\",\"status\":\"0\",\"owner_id\":\"1\",\"create_time\":\"1527778278\",\"update_time\":1527778898,\"random_key\":null,\"gt_time\":null}', 1527778898);
INSERT INTO `base_op_log` VALUES (13167, '1001', 1, 'admin', '超级管理员', 1, '创建码段', '新增了码段，流水号：', '{\"activity_id\":\"0\",\"active_count\":\"0\",\"remark\":\"fwefwe\",\"status\":\"0\",\"id\":\"\",\"name\":\"2323wefwef\",\"total_count\":\"12\",\"random_key\":527859,\"gt_time\":1527779328918,\"create_time\":1527779328,\"update_time\":1527779328,\"owner_id\":\"1\",\"start_num\":null,\"end_num\":null}', 1527779328);
INSERT INTO `base_op_log` VALUES (13168, '1001', 1, 'admin', '超级管理员', 1, '修改码段', '修改码段：3', '{\"id\":\"3\",\"name\":\"\\u653e\\u5047\\u4e86\\u5fae\\u79ef\\u5206\",\"activity_id\":\"0\",\"active_count\":\"0\",\"total_count\":\"1000\",\"start_num\":\"0\",\"end_num\":\"0\",\"remark\":\"fwefwefwefwefwef\",\"random_key\":982458,\"status\":\"0\",\"gt_time\":1527779358733,\"owner_id\":\"1\",\"create_time\":\"1527778278\",\"update_time\":1527779358}', 1527779358);
INSERT INTO `base_op_log` VALUES (13169, '2002', 1, 'admin', '超级管理员', 1, '创建奖品', '创建奖品模板ID：', '{\"prize_template_id\":\"1\",\"prize_type\":\"1\",\"deliver_from\":2,\"deliver_type\":\"1\",\"price\":\"1599\",\"name\":\"\\u5c0f\\u7c73\\u624b\\u673aMIX2S\",\"info\":\"\\u5c0f\\u7c73\\u624b\\u673a\",\"avatar\":\"\",\"status\":\"1\",\"total\":\"100\",\"used\":0,\"delivered_count\":0,\"create_time\":1527779910,\"update_time\":1527779910,\"id\":\"\",\"create_user_id\":\"1\"}', 1527779910);
INSERT INTO `base_op_log` VALUES (13170, '1001', 1, 'admin', '超级管理员', 1, '创建码段', '新增了码段，流水号：', '{\"activity_id\":\"0\",\"active_count\":\"0\",\"remark\":\"\\u8303\\u6587\\u82b3\\u95ee\",\"status\":\"1\",\"id\":\"\",\"name\":\"\\u6d4b\\u8bd5\\u7801\\u6bb5\",\"total_count\":\"100000\",\"start_num\":1,\"end_num\":100000,\"random_key\":871028,\"gt_time\":1527783744554,\"create_time\":1527783744,\"update_time\":1527783744,\"owner_id\":\"1\"}', 1527783744);
INSERT INTO `base_op_log` VALUES (13171, '1001', 1, 'admin', '超级管理员', 1, '创建码段', '新增了码段，流水号：', '{\"activity_id\":\"0\",\"active_count\":\"0\",\"remark\":\"fwef\",\"status\":\"1\",\"id\":\"\",\"name\":\"fwefwe\",\"total_count\":\"1000\",\"start_num\":201806010000100001,\"end_num\":201806010000101000,\"random_key\":447770,\"gt_time\":1527783863289,\"create_time\":1527783863,\"update_time\":1527783863,\"owner_id\":\"1\"}', 1527783863);
INSERT INTO `base_op_log` VALUES (13172, '1001', 1, 'admin', '超级管理员', 1, '创建码段', '新增了码段，流水号：', '{\"activity_id\":\"0\",\"active_count\":\"0\",\"remark\":\"wefwe\",\"status\":\"0\",\"id\":\"\",\"name\":\"wefwef\",\"total_count\":\"10000\",\"start_num\":2018060100000101001,\"end_num\":2018060100000111000,\"random_key\":489462,\"gt_time\":1527783994405,\"create_time\":1527783994,\"update_time\":1527783994,\"owner_id\":\"1\"}', 1527783994);
INSERT INTO `base_op_log` VALUES (13173, '1001', 1, 'admin', '超级管理员', 1, '创建码段', '新增了码段，流水号：', '{\"activity_id\":\"0\",\"active_count\":\"0\",\"remark\":\"wefwe\",\"status\":\"0\",\"id\":\"\",\"name\":\"wefwef\",\"total_count\":\"10000\",\"start_num\":2018060100000111001,\"end_num\":2018060100000121000,\"random_key\":112372,\"gt_time\":1527783994853,\"create_time\":1527783994,\"update_time\":1527783994,\"owner_id\":\"1\"}', 1527783994);
INSERT INTO `base_op_log` VALUES (13174, '1001', 1, 'admin', '超级管理员', 1, '创建码段', '新增了码段，流水号：', '{\"activity_id\":\"0\",\"active_count\":\"0\",\"remark\":\"\\u6d4b\\u8bd5\\u4e00\\u4e0b\",\"status\":\"1\",\"id\":\"\",\"name\":\"\\u6d4b\\u8bd5\\u7801\\u6bb5\",\"total_count\":\"10000\",\"start_num\":2018060100000000001,\"end_num\":2018060100000010000,\"random_key\":128070,\"gt_time\":1527784050754,\"create_time\":1527784050,\"update_time\":1527784050,\"owner_id\":\"1\"}', 1527784050);
INSERT INTO `base_op_log` VALUES (13175, '1001', 1, 'admin', '超级管理员', 1, '创建码段', '新增了码段，流水号：', '{\"activity_id\":\"0\",\"active_count\":\"0\",\"remark\":\"\\u6d4b\\u8bd5\",\"status\":\"0\",\"id\":\"\",\"name\":\"\\u975e\\u5e38\\u5389\\u5bb3\",\"total_count\":\"1000\",\"start_num\":2018060100000010001,\"end_num\":2018060100000011000,\"random_key\":247040,\"gt_time\":1527784080789,\"create_time\":1527784080,\"update_time\":1527784080,\"owner_id\":\"1\"}', 1527784080);
INSERT INTO `base_op_log` VALUES (13176, '1001', 1, 'admin', '超级管理员', 1, '创建码段', '新增了码段，流水号：', '{\"activity_id\":\"0\",\"active_count\":\"0\",\"remark\":\"\\u53cd\\u95ee\\u6211\\u5206\",\"status\":\"0\",\"id\":\"\",\"name\":\"\\u975e\\u5e38\\u597d\",\"total_count\":\"2000\",\"start_num\":2018060100000011001,\"end_num\":2018060100000013000,\"random_key\":602521,\"gt_time\":1527784150767,\"create_time\":1527784150,\"update_time\":1527784150,\"owner_id\":\"1\"}', 1527784150);
INSERT INTO `base_op_log` VALUES (13177, '1001', 1, 'admin', '超级管理员', 1, '创建码段', '新增了码段，流水号：', '{\"activity_id\":\"0\",\"active_count\":\"0\",\"remark\":\"\",\"status\":\"0\",\"id\":\"\",\"name\":\"\\u5341\\u4e94\\u4e2a\",\"total_count\":\"15\",\"start_num\":2018060100000013001,\"end_num\":2018060100000013015,\"random_key\":182927,\"gt_time\":1527784209551,\"create_time\":1527784209,\"update_time\":1527784209,\"owner_id\":\"1\"}', 1527784209);
INSERT INTO `base_op_log` VALUES (13178, '1001', 1, 'admin', '超级管理员', 1, '创建码段', '新增了码段，流水号：', '{\"activity_id\":\"0\",\"active_count\":\"0\",\"remark\":\"\",\"status\":\"0\",\"id\":\"\",\"name\":\"\\u975e\\u5e38\\u591a\",\"total_count\":\"30\",\"start_num\":2018060100000013016,\"end_num\":2018060100000013045,\"random_key\":776424,\"gt_time\":1527784242165,\"create_time\":1527784242,\"update_time\":1527784242,\"owner_id\":\"1\"}', 1527784242);
INSERT INTO `base_op_log` VALUES (13179, '1001', 1, 'admin', '超级管理员', 1, '创建码段', '新增了码段，流水号：', '{\"activity_id\":\"0\",\"active_count\":\"0\",\"remark\":\"\\u975e\\u5e38\\u591a\",\"status\":\"0\",\"id\":\"\",\"name\":\"\\u4e00\\u4ebf\",\"total_count\":\"100000000\",\"start_num\":2018060100000013046,\"end_num\":2018060100100013045,\"random_key\":967347,\"gt_time\":1527784448240,\"create_time\":1527784448,\"update_time\":1527784448,\"owner_id\":\"1\"}', 1527784448);
INSERT INTO `base_op_log` VALUES (13180, '1001', 1, 'admin', '超级管理员', 1, '创建码段', '新增了码段，流水号：', '{\"activity_id\":\"0\",\"active_count\":\"0\",\"remark\":\"\",\"status\":\"0\",\"id\":\"\",\"name\":\"fwefe\",\"total_count\":\"10000\",\"enabled_time\":\"2018-06-01 01:13:45\",\"start_num\":2018060100100013046,\"end_num\":2018060100100023045,\"random_key\":916935,\"gt_time\":1527786835432,\"create_time\":1527786835,\"update_time\":1527786835,\"owner_id\":\"1\"}', 1527786835);
INSERT INTO `base_op_log` VALUES (13181, '1001', 1, 'admin', '超级管理员', 1, '创建码段', '新增了码段，流水号：', '{\"activity_id\":\"0\",\"active_count\":\"0\",\"remark\":\"\",\"status\":\"0\",\"id\":\"\",\"name\":\"wefwef\",\"total_count\":\"123\",\"enabled_time\":1527786915,\"start_num\":2018060100100023046,\"end_num\":2018060100100023168,\"random_key\":732414,\"gt_time\":1527786918846,\"create_time\":1527786918,\"update_time\":1527786918,\"owner_id\":\"1\"}', 1527786918);
INSERT INTO `base_op_log` VALUES (13182, '1001', 1, 'admin', '超级管理员', 1, '创建码段', '新增了码段，流水号：', '{\"activity_id\":\"0\",\"active_count\":\"0\",\"remark\":\"\",\"status\":\"0\",\"id\":\"\",\"name\":\"flwjflwje\",\"total_count\":\"11000\",\"enabled_time\":1527787826,\"start_num\":2018060100100023169,\"end_num\":2018060100100034168,\"random_key\":348733,\"gt_time\":1527787826137,\"create_time\":1527787826,\"update_time\":1527787826,\"owner_id\":\"1\"}', 1527787826);
INSERT INTO `base_op_log` VALUES (13183, '1001', 1, 'admin', '超级管理员', 1, '创建码段', '新增了码段，流水号：', '{\"activity_id\":\"0\",\"active_count\":\"0\",\"remark\":\"\",\"status\":\"2\",\"id\":\"\",\"name\":\"\\u6d4b\\u8bd5\\u6d4b\\u8bd5\\u5206\\u4e3a\\u53d1\",\"total_count\":\"1999\",\"enabled_time\":1527787864,\"start_num\":2018060100100034169,\"end_num\":2018060100100036167,\"random_key\":969297,\"gt_time\":1527787896361,\"create_time\":1527787896,\"update_time\":1527787896,\"owner_id\":\"1\"}', 1527787896);
INSERT INTO `base_op_log` VALUES (13184, '1001', 1, 'admin', '超级管理员', 1, '创建码段', '新增了码段，流水号：', '{\"activity_id\":\"0\",\"active_count\":\"0\",\"remark\":\"\",\"status\":\"2\",\"id\":\"\",\"name\":\"\\u5389\\u5bb3\\u4e86\",\"total_count\":\"323\",\"enabled_time\":1527805941,\"start_num\":2018060100100036491,\"end_num\":2018060100100036813,\"random_key\":626728,\"gt_time\":1527787970397,\"create_time\":1527787970,\"update_time\":1527787970,\"owner_id\":\"1\"}', 1527787970);
INSERT INTO `base_op_log` VALUES (13185, '1001', 1, 'admin', '超级管理员', 1, '创建码段', '新增了码段，流水号：', '{\"activity_id\":\"0\",\"active_count\":\"0\",\"remark\":\"\",\"status\":\"0\",\"id\":\"\",\"name\":\"\\u8303\\u56f4\\u8303\\u6587\\u82b3\\u95ee\",\"total_count\":\"2123\",\"enabled_time\":1527787990,\"start_num\":2018060100100036814,\"end_num\":2018060100100038936,\"random_key\":338724,\"gt_time\":1527787990489,\"create_time\":1527787990,\"update_time\":1527787990,\"owner_id\":\"1\"}', 1527787990);
INSERT INTO `base_op_log` VALUES (13186, '1001', 1, 'admin', '超级管理员', 1, '创建码段', '新增了码段，流水号：', '{\"activity_id\":\"0\",\"active_count\":\"0\",\"remark\":\"\",\"status\":\"2\",\"id\":\"\",\"name\":\"34234234\",\"total_count\":\"3333\",\"enabled_time\":1527874395,\"start_num\":2018060100100038937,\"end_num\":2018060100100042269,\"random_key\":989825,\"gt_time\":1527788004794,\"create_time\":1527788004,\"update_time\":1527788004,\"owner_id\":\"1\"}', 1527788004);
INSERT INTO `base_op_log` VALUES (13187, '1001', 1, 'admin', '超级管理员', 1, '修改码段', '修改码段：10', '{\"id\":\"10\",\"name\":\"\\u6d4b\\u8bd5\\u7801\\u6bb5\",\"activity_id\":\"0\",\"active_count\":\"0\",\"total_count\":\"10000\",\"start_num\":\"2018060100000000001\",\"end_num\":\"2018060100000010000\",\"remark\":\"\\u6d4b\\u8bd5\\u4e00\\u4e0b\",\"random_key\":319219,\"status\":\"1\",\"enabled_time\":\"2018-06-01 01:36:57\",\"gt_time\":1527788218406,\"owner_id\":\"1\",\"create_time\":\"1527784050\",\"update_time\":1527788218}', 1527788218);
INSERT INTO `base_op_log` VALUES (13188, '1001', 1, 'admin', '超级管理员', 1, '修改码段', '修改码段：10', '{\"id\":\"10\",\"name\":\"\\u6d4b\\u8bd5\\u7801\\u6bb5\",\"activity_id\":\"0\",\"active_count\":\"0\",\"total_count\":\"10000\",\"start_num\":\"2018060100000000001\",\"end_num\":\"2018060100000010000\",\"remark\":\"\\u6d4b\\u8bd5\\u4e00\\u4e0b\",\"random_key\":954023,\"status\":\"1\",\"enabled_time\":1527788308,\"gt_time\":1527788308861,\"owner_id\":\"1\",\"create_time\":\"1527784050\",\"update_time\":1527788308}', 1527788308);
INSERT INTO `base_op_log` VALUES (13189, '1001', 1, 'admin', '超级管理员', 1, '修改码段', '修改码段：10', '{\"id\":\"10\",\"name\":\"\\u6d4b\\u8bd5\\u7801\\u6bb5\",\"activity_id\":\"0\",\"active_count\":\"0\",\"total_count\":\"10000\",\"start_num\":\"2018060100000000001\",\"end_num\":\"2018060100000010000\",\"remark\":\"\\u6d4b\\u8bd5\\u4e00\\u4e0b\",\"random_key\":963541,\"status\":\"2\",\"enabled_time\":1528479522,\"gt_time\":1527788329239,\"owner_id\":\"1\",\"create_time\":\"1527784050\",\"update_time\":1527788329}', 1527788329);
INSERT INTO `base_op_log` VALUES (13190, '1001', 1, 'admin', '超级管理员', 1, '修改码段', '修改码段：10', '{\"id\":\"10\",\"name\":\"\\u6d4b\\u8bd5\\u7801\\u6bb5\",\"activity_id\":\"0\",\"active_count\":\"0\",\"total_count\":\"10000\",\"start_num\":\"2018060100000000001\",\"end_num\":\"2018060100000010000\",\"remark\":\"\\u6d4b\\u8bd5\\u4e00\\u4e0b\",\"random_key\":111598,\"status\":\"2\",\"enabled_time\":1528479522,\"gt_time\":1527788501000,\"owner_id\":\"1\",\"create_time\":\"1527784050\",\"update_time\":1527788501}', 1527788501);
INSERT INTO `base_op_log` VALUES (13191, '1001', 1, 'admin', '超级管理员', 1, '修改码段', '修改码段：10', '{\"id\":\"10\",\"name\":\"\\u6d4b\\u8bd5\\u7801\\u6bb5\",\"activity_id\":\"0\",\"active_count\":\"0\",\"total_count\":\"10000\",\"start_num\":\"2018060100000000001\",\"end_num\":\"2018060100000010000\",\"remark\":\"\\u6d4b\\u8bd5\\u4e00\\u4e0b\",\"random_key\":659689,\"status\":\"2\",\"enabled_time\":1528393122,\"gt_time\":1527788518212,\"owner_id\":\"1\",\"create_time\":\"1527784050\",\"update_time\":1527788518}', 1527788518);
INSERT INTO `base_op_log` VALUES (13192, '1001', 1, 'admin', '超级管理员', 1, '修改码段', '修改码段：11', '{\"id\":\"11\",\"name\":\"\\u975e\\u5e38\\u5389\\u5bb3\",\"activity_id\":\"0\",\"active_count\":\"0\",\"total_count\":\"1000\",\"start_num\":\"2018060100000010001\",\"end_num\":\"2018060100000011000\",\"remark\":\"\\u6d4b\\u8bd5\",\"random_key\":443843,\"status\":\"0\",\"enabled_time\":1527788535,\"gt_time\":1527788535386,\"owner_id\":\"1\",\"create_time\":\"1527784080\",\"update_time\":1527788535}', 1527788535);
INSERT INTO `base_op_log` VALUES (13193, '1001', 1, 'admin', '超级管理员', 1, '修改码段', '修改码段：12', '{\"id\":\"12\",\"name\":\"\\u975e\\u5e38\\u597d\",\"activity_id\":\"0\",\"active_count\":\"0\",\"total_count\":\"2000\",\"start_num\":\"2018060100000011001\",\"end_num\":\"2018060100000013000\",\"remark\":\"\\u53cd\\u95ee\\u6211\\u5206\",\"random_key\":500989,\"status\":\"2\",\"enabled_time\":1528911740,\"gt_time\":1527788544962,\"owner_id\":\"1\",\"create_time\":\"1527784150\",\"update_time\":1527788544}', 1527788545);
INSERT INTO `base_op_log` VALUES (13194, '1001', 1, 'admin', '超级管理员', 1, '修改码段', '修改码段：10', '{\"id\":\"10\",\"name\":\"\\u6d4b\\u8bd5\\u7801\\u6bb5\",\"activity_id\":\"0\",\"active_count\":\"0\",\"total_count\":\"10000\",\"start_num\":\"2018060100000000001\",\"end_num\":\"2018060100000010000\",\"remark\":\"\\u6d4b\\u8bd5\\u4e00\\u4e0b\",\"random_key\":991923,\"status\":\"2\",\"enabled_time\":1527788322,\"gt_time\":1527788573015,\"owner_id\":\"1\",\"create_time\":\"1527784050\",\"update_time\":1527788573}', 1527788573);
INSERT INTO `base_op_log` VALUES (13195, '1001', 1, 'admin', '超级管理员', 1, '修改码段', '修改码段：10', '{\"id\":\"10\",\"name\":\"\\u6d4b\\u8bd5\\u7801\\u6bb5\",\"activity_id\":\"0\",\"active_count\":\"0\",\"total_count\":\"10000\",\"start_num\":\"2018060100000000001\",\"end_num\":\"2018060100000010000\",\"remark\":\"\\u6d4b\\u8bd5\\u4e00\\u4e0b\",\"random_key\":\"991923\",\"status\":\"2\",\"enabled_time\":1527788322,\"gt_time\":\"1527788573015\",\"owner_id\":\"1\",\"create_time\":\"1527784050\",\"update_time\":1527788691}', 1527788691);
INSERT INTO `base_op_log` VALUES (13196, '1001', 1, 'admin', '超级管理员', 1, '修改码段', '修改码段：10', '{\"id\":\"10\",\"name\":\"\\u6d4b\\u8bd5\\u7801\\u6bb5\",\"activity_id\":\"0\",\"active_count\":\"0\",\"total_count\":\"10000\",\"start_num\":\"2018060100000000001\",\"end_num\":\"2018060100000010000\",\"remark\":\"\\u6d4b\\u8bd5\\u4e00\\u4e0b\",\"random_key\":\"991923\",\"status\":\"2\",\"enabled_time\":1527788322,\"gt_time\":\"1527788573015\",\"owner_id\":\"1\",\"create_time\":\"1527784050\",\"update_time\":1527788703}', 1527788703);
INSERT INTO `base_op_log` VALUES (13197, '1001', 1, 'admin', '超级管理员', 1, '修改码段', '修改码段：10', '{\"id\":\"10\",\"name\":\"\\u6d4b\\u8bd5\\u7801\\u6bb5\",\"activity_id\":\"0\",\"active_count\":\"0\",\"total_count\":\"10000\",\"start_num\":\"2018060100000000001\",\"end_num\":\"2018060100000010000\",\"remark\":\"\\u6d4b\\u8bd5\\u4e00\\u4e0b\",\"random_key\":\"991923\",\"status\":\"2\",\"enabled_time\":1527788322,\"gt_time\":\"1527788573015\",\"owner_id\":\"1\",\"create_time\":\"1527784050\",\"update_time\":1527788713}', 1527788713);
INSERT INTO `base_op_log` VALUES (13198, '1001', 1, 'admin', '超级管理员', 1, '修改码段', '修改码段：10', '{\"id\":\"10\",\"name\":\"\\u6d4b\\u8bd5\\u7801\\u6bb5\",\"activity_id\":\"0\",\"active_count\":\"0\",\"total_count\":\"10000\",\"start_num\":\"2018060100000000001\",\"end_num\":\"2018060100000010000\",\"remark\":\"\\u6d4b\\u8bd5\\u4e00\\u4e0b\",\"random_key\":\"991923\",\"status\":\"2\",\"enabled_time\":1527788322,\"gt_time\":\"1527788573015\",\"owner_id\":\"1\",\"create_time\":\"1527784050\",\"update_time\":1527788725}', 1527788725);
INSERT INTO `base_op_log` VALUES (13199, '1001', 1, 'admin', '超级管理员', 1, '修改码段', '修改码段：10', '{\"id\":\"10\",\"name\":\"\\u6d4b\\u8bd5\\u7801\\u6bb5\",\"activity_id\":\"0\",\"active_count\":\"0\",\"total_count\":\"10000\",\"start_num\":\"2018060100000000001\",\"end_num\":\"2018060100000010000\",\"remark\":\"\\u6d4b\\u8bd5\\u4e00\\u4e0b\",\"random_key\":\"991923\",\"status\":\"0\",\"enabled_time\":1527788731,\"gt_time\":\"1527788573015\",\"owner_id\":\"1\",\"create_time\":\"1527784050\",\"update_time\":1527788731}', 1527788731);
INSERT INTO `base_op_log` VALUES (13200, '1001', 1, 'admin', '超级管理员', 1, '修改码段', '修改码段：10', '{\"id\":\"10\",\"name\":\"\\u6d4b\\u8bd5\\u7801\\u6bb5\",\"activity_id\":\"0\",\"active_count\":\"0\",\"total_count\":\"10000\",\"start_num\":\"2018060100000000001\",\"end_num\":\"2018060100000010000\",\"remark\":\"\\u6d4b\\u8bd5\\u4e00\\u4e0b\",\"random_key\":875857,\"status\":\"2\",\"enabled_time\":1527788731,\"gt_time\":1527928110206,\"owner_id\":\"1\",\"create_time\":\"1527784050\",\"update_time\":1527928110}', 1527928110);
INSERT INTO `base_op_log` VALUES (13201, '1001', 1, 'admin', '超级管理员', 1, '创建码段', '新增了码段，流水号：', '{\"activity_id\":\"0\",\"active_count\":\"0\",\"remark\":\"\",\"status\":\"0\",\"id\":\"\",\"name\":\"fwefwef\",\"total_count\":\"1000\",\"enabled_time\":1527928116,\"start_num\":2018060200000000001,\"end_num\":2018060200000001000,\"random_key\":977725,\"gt_time\":1527928116731,\"create_time\":1527928116,\"update_time\":1527928116,\"owner_id\":\"1\"}', 1527928116);
INSERT INTO `base_op_log` VALUES (13202, '1001', 1, 'admin', '超级管理员', 1, '创建码段', '新增了码段，流水号：', '{\"activity_id\":\"0\",\"active_count\":\"0\",\"remark\":\"\",\"status\":\"0\",\"id\":\"\",\"name\":\"\\u975e\\u5e38\\u516d\\u52a0\\u4e00\",\"total_count\":\"3023042\",\"enabled_time\":1527928136,\"start_num\":2018060200000001001,\"end_num\":2018060200003024042,\"random_key\":332453,\"gt_time\":1527928136855,\"create_time\":1527928136,\"update_time\":1527928136,\"owner_id\":\"1\"}', 1527928136);
INSERT INTO `base_op_log` VALUES (13203, '1001', 1, 'admin', '超级管理员', 1, '创建码段', '新增了码段，流水号：', '{\"activity_id\":\"0\",\"active_count\":\"0\",\"remark\":\"\",\"status\":\"0\",\"id\":\"\",\"name\":\"wefwef\",\"total_count\":\"1000\",\"enabled_time\":1527929936,\"start_num\":2018060200003024043,\"end_num\":2018060200003025042,\"random_key\":126133,\"gt_time\":1527929936761,\"create_time\":1527929936,\"update_time\":1527929936,\"owner_id\":\"1\"}', 1527929936);
INSERT INTO `base_op_log` VALUES (13204, '3001', 1, 'admin', '超级管理员', 1, '新建奖品规则', '创建奖品模板ID：', '{\"lottery_rule_id\":0,\"level\":\"999999\",\"prize_inventory_id\":\"2\",\"assigned_num\":\"10\",\"delivered_count\":0,\"probability_set\":\"\",\"user_limit\":\"0\",\"stat_type\":\"0\",\"is_send_text\":\"0\",\"text_content\":\"\",\"equal_prizes\":\"\",\"status\":\"1\",\"create_time\":1527933719,\"update_time\":1527933719,\"id\":\"\",\"create_user_id\":\"1\"}', 1527933719);
INSERT INTO `base_op_log` VALUES (13205, '3001', 1, 'admin', '超级管理员', 1, '新建奖品规则', '创建奖品模板ID：', '{\"lottery_rule_id\":0,\"level\":\"1\",\"prize_inventory_id\":\"1\",\"assigned_num\":\"90\",\"delivered_count\":0,\"probability_set\":\"60\",\"user_limit\":\"0\",\"stat_type\":\"0\",\"is_send_text\":\"0\",\"text_content\":\"\",\"equal_prizes\":\"\",\"status\":\"1\",\"create_time\":1527941179,\"update_time\":1527941179,\"id\":\"\",\"create_user_id\":\"1\"}', 1527941179);
INSERT INTO `base_op_log` VALUES (13206, '2001', 1, 'admin', '超级管理员', 1, '创建奖品模板', '创建奖品模板ID：', '{\"name\":\"Iphone X 256G\",\"prize_type\":\"1\",\"deliver_from\":2,\"deliver_type\":\"1\",\"status\":\"1\",\"cost\":0,\"price\":\"8999\",\"info\":\"\\u5168\\u9762\\u5c4f\\uff0c\\u9f50\\u5218\\u6d77\\uff0cIphone X 256G\",\"avatar\":\"\",\"create_time\":1527941761,\"update_time\":1527941761,\"id\":\"\",\"create_user_id\":\"1\"}', 1527941761);
INSERT INTO `base_op_log` VALUES (13207, '2002', 1, 'admin', '超级管理员', 1, '创建奖品', '创建奖品模板ID：', '{\"prize_template_id\":\"3\",\"prize_type\":\"1\",\"deliver_from\":2,\"deliver_type\":\"1\",\"price\":\"8999\",\"name\":\"Iphone X 256G\",\"info\":\"\\u5168\\u9762\\u5c4f\\uff0c\\u9f50\\u5218\\u6d77\\uff0cIphone X 256G\",\"avatar\":\"\",\"status\":\"1\",\"total\":\"10000\",\"taken_count\":0,\"assigned_count\":0,\"create_time\":1527941778,\"update_time\":1527941778,\"id\":\"\",\"create_user_id\":\"1\"}', 1527941778);
INSERT INTO `base_op_log` VALUES (13208, '3001', 1, 'admin', '超级管理员', 1, '新建奖品规则', '创建奖品模板ID：', '{\"lottery_rule_id\":0,\"level\":\"2\",\"prize_inventory_id\":\"3\",\"assigned_num\":\"90\",\"delivered_count\":0,\"probability_set\":\"\",\"user_limit\":\"0\",\"stat_type\":\"0\",\"is_send_text\":\"0\",\"text_content\":\"\",\"equal_prizes\":\"\",\"status\":\"1\",\"create_time\":1527941823,\"update_time\":1527941823,\"id\":\"\",\"create_user_id\":\"1\"}', 1527941823);
INSERT INTO `base_op_log` VALUES (13209, '4006', 1, 'admin', '超级管理员', 1, '编辑抽奖活动', '抽奖活动ID：2', '{\"name\":\"\",\"lottery_rule_id\":null,\"status\":\"1\",\"attend_require\":null,\"info\":\"\",\"start_time\":\"\",\"end_time\":\"\",\"create_time\":1528048973,\"update_time\":1528048973,\"id\":\"2\"}', 1528048973);
INSERT INTO `base_op_log` VALUES (13210, '4006', 1, 'admin', '超级管理员', 1, '编辑抽奖活动', '抽奖活动ID：3', '{\"name\":\"\",\"lottery_rule_id\":null,\"status\":\"1\",\"attend_require\":null,\"info\":\"\",\"start_time\":\"\",\"end_time\":\"\",\"create_time\":1528049041,\"update_time\":1528049041,\"id\":\"3\"}', 1528049041);
INSERT INTO `base_op_log` VALUES (13211, '4006', 1, 'admin', '超级管理员', 1, '编辑抽奖活动', '抽奖活动ID：4', '{\"name\":\"123213\",\"lottery_rule_id\":null,\"status\":\"1\",\"attend_require\":null,\"info\":\"12321323\",\"start_time\":\"2018-06-13\",\"end_time\":\"2018-06-22\",\"create_time\":1528049120,\"update_time\":1528049120,\"id\":\"4\"}', 1528049120);
INSERT INTO `base_op_log` VALUES (13212, '4006', 1, 'admin', '超级管理员', 1, '编辑抽奖活动', '抽奖活动ID：5', '{\"name\":\"tos\",\"lottery_rule_id\":\"21\",\"status\":\"1\",\"attend_require\":null,\"info\":\"\",\"start_time\":\"2018-06-04\",\"end_time\":\"2018-06-12\",\"create_time\":1528049792,\"update_time\":1528049792,\"id\":\"5\"}', 1528049792);
INSERT INTO `base_op_log` VALUES (13213, '4006', 1, 'admin', '超级管理员', 1, '编辑抽奖活动', '抽奖活动ID：1', '{\"id\":\"1\",\"name\":\"test\",\"lottery_rule_id\":\"15\",\"status\":\"1\",\"attend_require\":null,\"info\":\"\",\"start_time\":\"946656000\",\"end_time\":\"1528819200\",\"create_time\":\"1527931432\",\"update_time\":1528051857}', 1528051857);
INSERT INTO `base_op_log` VALUES (13214, '4006', 1, 'admin', '超级管理员', 1, '编辑抽奖活动', '抽奖活动ID：1', '{\"id\":\"1\",\"name\":\"test\",\"lottery_rule_id\":\"15\",\"status\":\"1\",\"attend_require\":null,\"info\":\"1232323213ghhjhg\",\"start_time\":\"1489507200\",\"end_time\":\"1528819200\",\"create_time\":\"1527931432\",\"update_time\":1528051927}', 1528051927);
INSERT INTO `base_op_log` VALUES (13215, '4006', 1, 'admin', '超级管理员', 1, '编辑抽奖活动', '抽奖活动ID：1', '{\"id\":\"1\",\"name\":\"test\",\"lottery_rule_id\":\"15\",\"status\":\"1\",\"attend_require\":null,\"info\":\"1232323213ghhjhg\",\"start_time\":\"1528214400\",\"end_time\":\"1529424000\",\"create_time\":\"1527931432\",\"update_time\":1528052030}', 1528052030);
INSERT INTO `base_op_log` VALUES (13216, '4006', 1, 'admin', '超级管理员', 1, '编辑抽奖活动', '抽奖活动ID：1', '{\"id\":\"1\",\"name\":\"test\",\"lottery_rule_id\":\"15\",\"status\":\"1\",\"attend_require\":null,\"info\":\"1232323213ghhjhg\",\"start_time\":\"1528214400\",\"end_time\":\"1529424000\",\"create_time\":\"1527931432\",\"update_time\":1528052141}', 1528052141);
INSERT INTO `base_op_log` VALUES (13217, '4006', 1, 'admin', '超级管理员', 1, '编辑抽奖活动', '抽奖活动ID：1', '{\"id\":\"1\",\"name\":\"test\",\"lottery_rule_id\":\"15\",\"status\":\"1\",\"attend_require\":null,\"info\":\"1232323213ghhjhg\",\"start_time\":\"1528214400\",\"end_time\":\"1529424000\",\"create_time\":\"1527931432\",\"update_time\":1528052153}', 1528052153);
INSERT INTO `base_op_log` VALUES (13218, '4006', 1, 'admin', '超级管理员', 1, '编辑抽奖活动', '抽奖活动ID：1', '{\"id\":\"1\",\"name\":\"test\",\"lottery_rule_id\":\"15\",\"status\":\"1\",\"attend_require\":null,\"info\":\"1232323213ghhjhg\",\"start_time\":\"1528214400\",\"end_time\":\"1529424000\",\"create_time\":\"1527931432\",\"update_time\":1528052214}', 1528052214);
INSERT INTO `base_op_log` VALUES (13219, '4006', 1, 'admin', '超级管理员', 1, '编辑抽奖活动', '抽奖活动ID：1', '{\"id\":\"1\",\"name\":\"test\",\"lottery_rule_id\":\"15\",\"status\":\"1\",\"attend_require\":null,\"info\":\"1232323213ghhjhg\",\"start_time\":\"1528214400\",\"end_time\":\"1529424000\",\"create_time\":\"1527931432\",\"update_time\":1528052275}', 1528052275);
INSERT INTO `base_op_log` VALUES (13220, '4006', 1, 'admin', '超级管理员', 1, '编辑抽奖活动', '抽奖活动ID：2', '{\"id\":\"2\",\"name\":\"\\/v1\\/forklift\\/common\\/keyValue\",\"lottery_rule_id\":\"\",\"status\":\"1\",\"attend_require\":null,\"info\":\"\",\"start_time\":\"-28800\",\"end_time\":\"1872000\",\"create_time\":\"1528048973\",\"update_time\":1528052293}', 1528052294);
INSERT INTO `base_op_log` VALUES (13221, '4006', 1, 'admin', '超级管理员', 1, '编辑抽奖活动', '抽奖活动ID：6', '{\"name\":\"\",\"lottery_rule_id\":\"25\",\"status\":\"1\",\"attend_require\":null,\"info\":\"\",\"start_time\":\"1528214400\",\"end_time\":\"1529942400\",\"create_time\":1528052491,\"update_time\":1528052491,\"id\":\"6\"}', 1528052491);

-- ----------------------------
-- Table structure for session_list
-- ----------------------------
DROP TABLE IF EXISTS `session_list`;
CREATE TABLE `session_list`  (
  `id` char(32) CHARACTER SET utf8mb4 COLLATE utf8mb4_general_ci NOT NULL,
  `expire` int(11) NULL DEFAULT NULL,
  `data` longblob NULL,
  PRIMARY KEY (`id`) USING BTREE
) ENGINE = InnoDB CHARACTER SET = utf8mb4 COLLATE = utf8mb4_general_ci ROW_FORMAT = Compact;

-- ----------------------------
-- Records of session_list
-- ----------------------------
INSERT INTO `session_list` VALUES ('1cs7l0o4db4eqfn85elffa1hc0', 1528114377, 0x6665326661346337643864366164313466613935366366636634663963336435616C6C4D656E754D61707C613A31323A7B693A313030313B613A333A7B733A353A22726F757465223B733A32383A22636F64654D616E6167652F636F64655365676D656E742F696E646578223B733A343A226E616D65223B733A31323A22E7A081E6AEB5E58897E8A1A8223B733A373A22627574746F6E73223B613A333A7B693A303B693A313B693A313B693A333B693A323B693A343B7D7D693A313030323B613A333A7B733A353A22726F757465223B733A33303A22636F64654D616E6167652F436F64655363616E436F756E742F696E646578223B733A343A226E616D65223B733A31323A22E689ABE7A081E7BB9FE8AEA1223B733A373A22627574746F6E73223B613A313A7B693A303B693A343B7D7D693A323030313B613A333A7B733A353A22726F757465223B733A33313A227072697A654D616E6167652F7072697A6554656D706C6174652F696E646578223B733A343A226E616D65223B733A31323A22E5A596E59381E6A8A1E69DBF223B733A373A22627574746F6E73223B613A333A7B693A303B693A313B693A313B693A333B693A323B693A343B7D7D693A323030323B613A333A7B733A353A22726F757465223B733A33323A227072697A654D616E6167652F7072697A65496E76656E746F72792F696E646578223B733A343A226E616D65223B733A31383A22E5A596E59381E5BA93E5AD98E7AEA1E79086223B733A373A22627574746F6E73223B613A333A7B693A303B693A313B693A313B693A333B693A323B693A343B7D7D693A333030313B613A333A7B733A353A22726F757465223B733A32393A226C6F747465727952756C652F6C6F747465727952756C652F696E646578223B733A343A226E616D65223B733A31323A22E68ABDE5A596E8A784E58899223B733A373A22627574746F6E73223B613A333A7B693A303B693A313B693A313B693A333B693A323B693A343B7D7D693A333030323B613A333A7B733A353A22726F757465223B733A32373A226C6F747465727952756C652F7072697A6552756C652F696E646578223B733A343A226E616D65223B733A31323A22E5A596E59381E8A784E58899223B733A373A22627574746F6E73223B613A333A7B693A303B693A313B693A313B693A333B693A323B693A343B7D7D693A343030313B613A333A7B733A353A22726F757465223B733A32383A2261637469766974794D616E6167652F6C6F74746572792F696E646578223B733A343A226E616D65223B733A31383A22E68ABDE5A596E6B4BBE58AA8E58897E8A1A8223B733A373A22627574746F6E73223B613A333A7B693A303B693A313B693A313B693A333B693A323B693A31313B7D7D693A343030323B613A333A7B733A353A22726F757465223B733A32363A2261637469766974794D616E6167652F6C6F74746572792F616464223B733A343A226E616D65223B733A31383A22E696B0E5A29EE68ABDE5A596E6B4BBE58AA8223B733A373A22627574746F6E73223B613A333A7B693A303B693A313B693A313B693A353B693A323B693A31313B7D7D693A343030333B613A333A7B733A353A22726F757465223B733A32373A2261637469766974794D616E6167652F6C6F74746572792F65646974223B733A343A226E616D65223B733A31383A22E7BC96E8BE91E68ABDE5A596E6B4BBE58AA8223B733A373A22627574746F6E73223B613A333A7B693A303B693A313B693A313B693A353B693A323B693A31313B7D7D693A343030343B613A333A7B733A353A22726F757465223B733A32393A2261637469766974794D616E6167652F6C6F74746572792F64657461696C223B733A343A226E616D65223B733A31323A22E6B4BBE58AA8E8AFA6E68385223B733A373A22627574746F6E73223B613A333A7B693A303B693A313B693A313B693A353B693A323B693A31313B7D7D693A343030353B613A333A7B733A353A22726F757465223B733A33383A2261637469766974794D616E6167652F6C6F74746572792F616A6178436F64655365676D656E74223B733A343A226E616D65223B733A31323A22E6B4BBE58AA8E8AFA6E68385223B733A373A22627574746F6E73223B613A333A7B693A303B693A313B693A313B693A353B693A323B693A31313B7D7D693A343030363B613A333A7B733A353A22726F757465223B733A33353A2261637469766974794D616E6167652F6C6F74746572792F736176654163746976697479223B733A343A226E616D65223B733A31383A22E4BF9DE5AD98E6B4BBE58AA8E68EA5E58FA3223B733A373A22627574746F6E73223B613A333A7B693A303B693A313B693A313B693A353B693A323B693A31313B7D7D7D6665326661346337643864366164313466613935366366636634663963336435616C6C4D656E75526F7574654D61707C613A31323A7B733A32383A22636F64654D616E6167652F636F64655365676D656E742F696E646578223B613A333A7B733A323A226964223B693A313030313B733A353A22726F757465223B733A32383A22636F64654D616E6167652F636F64655365676D656E742F696E646578223B733A373A22627574746F6E73223B613A333A7B693A303B693A313B693A313B693A333B693A323B693A343B7D7D733A33303A22636F64654D616E6167652F436F64655363616E436F756E742F696E646578223B613A333A7B733A323A226964223B693A313030323B733A353A22726F757465223B733A33303A22636F64654D616E6167652F436F64655363616E436F756E742F696E646578223B733A373A22627574746F6E73223B613A313A7B693A303B693A343B7D7D733A33313A227072697A654D616E6167652F7072697A6554656D706C6174652F696E646578223B613A333A7B733A323A226964223B693A323030313B733A353A22726F757465223B733A33313A227072697A654D616E6167652F7072697A6554656D706C6174652F696E646578223B733A373A22627574746F6E73223B613A333A7B693A303B693A313B693A313B693A333B693A323B693A343B7D7D733A33323A227072697A654D616E6167652F7072697A65496E76656E746F72792F696E646578223B613A333A7B733A323A226964223B693A323030323B733A353A22726F757465223B733A33323A227072697A654D616E6167652F7072697A65496E76656E746F72792F696E646578223B733A373A22627574746F6E73223B613A333A7B693A303B693A313B693A313B693A333B693A323B693A343B7D7D733A32393A226C6F747465727952756C652F6C6F747465727952756C652F696E646578223B613A333A7B733A323A226964223B693A333030313B733A353A22726F757465223B733A32393A226C6F747465727952756C652F6C6F747465727952756C652F696E646578223B733A373A22627574746F6E73223B613A333A7B693A303B693A313B693A313B693A333B693A323B693A343B7D7D733A32373A226C6F747465727952756C652F7072697A6552756C652F696E646578223B613A333A7B733A323A226964223B693A333030323B733A353A22726F757465223B733A32373A226C6F747465727952756C652F7072697A6552756C652F696E646578223B733A373A22627574746F6E73223B613A333A7B693A303B693A313B693A313B693A333B693A323B693A343B7D7D733A32383A2261637469766974794D616E6167652F6C6F74746572792F696E646578223B613A333A7B733A323A226964223B693A343030313B733A353A22726F757465223B733A32383A2261637469766974794D616E6167652F6C6F74746572792F696E646578223B733A373A22627574746F6E73223B613A333A7B693A303B693A313B693A313B693A333B693A323B693A31313B7D7D733A32363A2261637469766974794D616E6167652F6C6F74746572792F616464223B613A333A7B733A323A226964223B693A343030323B733A353A22726F757465223B733A32363A2261637469766974794D616E6167652F6C6F74746572792F616464223B733A373A22627574746F6E73223B613A333A7B693A303B693A313B693A313B693A353B693A323B693A31313B7D7D733A32373A2261637469766974794D616E6167652F6C6F74746572792F65646974223B613A333A7B733A323A226964223B693A343030333B733A353A22726F757465223B733A32373A2261637469766974794D616E6167652F6C6F74746572792F65646974223B733A373A22627574746F6E73223B613A333A7B693A303B693A313B693A313B693A353B693A323B693A31313B7D7D733A32393A2261637469766974794D616E6167652F6C6F74746572792F64657461696C223B613A333A7B733A323A226964223B693A343030343B733A353A22726F757465223B733A32393A2261637469766974794D616E6167652F6C6F74746572792F64657461696C223B733A373A22627574746F6E73223B613A333A7B693A303B693A313B693A313B693A353B693A323B693A31313B7D7D733A33383A2261637469766974794D616E6167652F6C6F74746572792F616A6178436F64655365676D656E74223B613A333A7B733A323A226964223B693A343030353B733A353A22726F757465223B733A33383A2261637469766974794D616E6167652F6C6F74746572792F616A6178436F64655365676D656E74223B733A373A22627574746F6E73223B613A333A7B693A303B693A313B693A313B693A353B693A323B693A31313B7D7D733A33353A2261637469766974794D616E6167652F6C6F74746572792F736176654163746976697479223B613A333A7B733A323A226964223B693A343030363B733A353A22726F757465223B733A33353A2261637469766974794D616E6167652F6C6F74746572792F736176654163746976697479223B733A373A22627574746F6E73223B613A333A7B693A303B693A313B693A313B693A353B693A323B693A31313B7D7D7D6665326661346337643864366164313466613935366366636634663963336435616C6C42746E4D61707C613A31353A7B733A333A22616464223B693A313B733A363A2264656C657465223B693A323B733A343A2265646974223B693A333B733A353A227175657279223B693A343B733A363A2275706C6F6164223B693A353B733A383A22646F776E6C6F6164223B693A363B733A363A22696D706F7274223B693A373B733A363A226578706F7274223B693A383B733A363A226D616E616765223B693A393B733A353A22636865636B223B693A31303B733A363A2264657461696C223B693A31313B733A333A2262616E223B693A31323B733A363A226D6F76655570223B693A31333B733A383A226D6F7665446F776E223B693A31343B733A343A226D6F7665223B693A31353B7D66653266613463376438643661643134666139353663666366346639633364355F5F72657475726E55726C7C733A313A222F223B);
INSERT INTO `session_list` VALUES ('9409bsgjgbdnch1vg3ukt7m5h1', 1528114175, 0x6665326661346337643864366164313466613935366366636634663963336435616C6C4D656E754D61707C613A31323A7B693A313030313B613A333A7B733A353A22726F757465223B733A32383A22636F64654D616E6167652F636F64655365676D656E742F696E646578223B733A343A226E616D65223B733A31323A22E7A081E6AEB5E58897E8A1A8223B733A373A22627574746F6E73223B613A333A7B693A303B693A313B693A313B693A333B693A323B693A343B7D7D693A313030323B613A333A7B733A353A22726F757465223B733A33303A22636F64654D616E6167652F436F64655363616E436F756E742F696E646578223B733A343A226E616D65223B733A31323A22E689ABE7A081E7BB9FE8AEA1223B733A373A22627574746F6E73223B613A313A7B693A303B693A343B7D7D693A323030313B613A333A7B733A353A22726F757465223B733A33313A227072697A654D616E6167652F7072697A6554656D706C6174652F696E646578223B733A343A226E616D65223B733A31323A22E5A596E59381E6A8A1E69DBF223B733A373A22627574746F6E73223B613A333A7B693A303B693A313B693A313B693A333B693A323B693A343B7D7D693A323030323B613A333A7B733A353A22726F757465223B733A33323A227072697A654D616E6167652F7072697A65496E76656E746F72792F696E646578223B733A343A226E616D65223B733A31383A22E5A596E59381E5BA93E5AD98E7AEA1E79086223B733A373A22627574746F6E73223B613A333A7B693A303B693A313B693A313B693A333B693A323B693A343B7D7D693A333030313B613A333A7B733A353A22726F757465223B733A32393A226C6F747465727952756C652F6C6F747465727952756C652F696E646578223B733A343A226E616D65223B733A31323A22E68ABDE5A596E8A784E58899223B733A373A22627574746F6E73223B613A333A7B693A303B693A313B693A313B693A333B693A323B693A343B7D7D693A333030323B613A333A7B733A353A22726F757465223B733A32373A226C6F747465727952756C652F7072697A6552756C652F696E646578223B733A343A226E616D65223B733A31323A22E5A596E59381E8A784E58899223B733A373A22627574746F6E73223B613A333A7B693A303B693A313B693A313B693A333B693A323B693A343B7D7D693A343030313B613A333A7B733A353A22726F757465223B733A32383A2261637469766974794D616E6167652F6C6F74746572792F696E646578223B733A343A226E616D65223B733A31383A22E68ABDE5A596E6B4BBE58AA8E58897E8A1A8223B733A373A22627574746F6E73223B613A333A7B693A303B693A313B693A313B693A333B693A323B693A31313B7D7D693A343030323B613A333A7B733A353A22726F757465223B733A32363A2261637469766974794D616E6167652F6C6F74746572792F616464223B733A343A226E616D65223B733A31383A22E696B0E5A29EE68ABDE5A596E6B4BBE58AA8223B733A373A22627574746F6E73223B613A333A7B693A303B693A313B693A313B693A353B693A323B693A31313B7D7D693A343030333B613A333A7B733A353A22726F757465223B733A32373A2261637469766974794D616E6167652F6C6F74746572792F65646974223B733A343A226E616D65223B733A31383A22E7BC96E8BE91E68ABDE5A596E6B4BBE58AA8223B733A373A22627574746F6E73223B613A333A7B693A303B693A313B693A313B693A353B693A323B693A31313B7D7D693A343030343B613A333A7B733A353A22726F757465223B733A32393A2261637469766974794D616E6167652F6C6F74746572792F64657461696C223B733A343A226E616D65223B733A31323A22E6B4BBE58AA8E8AFA6E68385223B733A373A22627574746F6E73223B613A333A7B693A303B693A313B693A313B693A353B693A323B693A31313B7D7D693A343030353B613A333A7B733A353A22726F757465223B733A33383A2261637469766974794D616E6167652F6C6F74746572792F616A6178436F64655365676D656E74223B733A343A226E616D65223B733A31323A22E6B4BBE58AA8E8AFA6E68385223B733A373A22627574746F6E73223B613A333A7B693A303B693A313B693A313B693A353B693A323B693A31313B7D7D693A343030363B613A333A7B733A353A22726F757465223B733A33353A2261637469766974794D616E6167652F6C6F74746572792F736176654163746976697479223B733A343A226E616D65223B733A31383A22E4BF9DE5AD98E6B4BBE58AA8E68EA5E58FA3223B733A373A22627574746F6E73223B613A333A7B693A303B693A313B693A313B693A353B693A323B693A31313B7D7D7D6665326661346337643864366164313466613935366366636634663963336435616C6C4D656E75526F7574654D61707C613A31323A7B733A32383A22636F64654D616E6167652F636F64655365676D656E742F696E646578223B613A333A7B733A323A226964223B693A313030313B733A353A22726F757465223B733A32383A22636F64654D616E6167652F636F64655365676D656E742F696E646578223B733A373A22627574746F6E73223B613A333A7B693A303B693A313B693A313B693A333B693A323B693A343B7D7D733A33303A22636F64654D616E6167652F436F64655363616E436F756E742F696E646578223B613A333A7B733A323A226964223B693A313030323B733A353A22726F757465223B733A33303A22636F64654D616E6167652F436F64655363616E436F756E742F696E646578223B733A373A22627574746F6E73223B613A313A7B693A303B693A343B7D7D733A33313A227072697A654D616E6167652F7072697A6554656D706C6174652F696E646578223B613A333A7B733A323A226964223B693A323030313B733A353A22726F757465223B733A33313A227072697A654D616E6167652F7072697A6554656D706C6174652F696E646578223B733A373A22627574746F6E73223B613A333A7B693A303B693A313B693A313B693A333B693A323B693A343B7D7D733A33323A227072697A654D616E6167652F7072697A65496E76656E746F72792F696E646578223B613A333A7B733A323A226964223B693A323030323B733A353A22726F757465223B733A33323A227072697A654D616E6167652F7072697A65496E76656E746F72792F696E646578223B733A373A22627574746F6E73223B613A333A7B693A303B693A313B693A313B693A333B693A323B693A343B7D7D733A32393A226C6F747465727952756C652F6C6F747465727952756C652F696E646578223B613A333A7B733A323A226964223B693A333030313B733A353A22726F757465223B733A32393A226C6F747465727952756C652F6C6F747465727952756C652F696E646578223B733A373A22627574746F6E73223B613A333A7B693A303B693A313B693A313B693A333B693A323B693A343B7D7D733A32373A226C6F747465727952756C652F7072697A6552756C652F696E646578223B613A333A7B733A323A226964223B693A333030323B733A353A22726F757465223B733A32373A226C6F747465727952756C652F7072697A6552756C652F696E646578223B733A373A22627574746F6E73223B613A333A7B693A303B693A313B693A313B693A333B693A323B693A343B7D7D733A32383A2261637469766974794D616E6167652F6C6F74746572792F696E646578223B613A333A7B733A323A226964223B693A343030313B733A353A22726F757465223B733A32383A2261637469766974794D616E6167652F6C6F74746572792F696E646578223B733A373A22627574746F6E73223B613A333A7B693A303B693A313B693A313B693A333B693A323B693A31313B7D7D733A32363A2261637469766974794D616E6167652F6C6F74746572792F616464223B613A333A7B733A323A226964223B693A343030323B733A353A22726F757465223B733A32363A2261637469766974794D616E6167652F6C6F74746572792F616464223B733A373A22627574746F6E73223B613A333A7B693A303B693A313B693A313B693A353B693A323B693A31313B7D7D733A32373A2261637469766974794D616E6167652F6C6F74746572792F65646974223B613A333A7B733A323A226964223B693A343030333B733A353A22726F757465223B733A32373A2261637469766974794D616E6167652F6C6F74746572792F65646974223B733A373A22627574746F6E73223B613A333A7B693A303B693A313B693A313B693A353B693A323B693A31313B7D7D733A32393A2261637469766974794D616E6167652F6C6F74746572792F64657461696C223B613A333A7B733A323A226964223B693A343030343B733A353A22726F757465223B733A32393A2261637469766974794D616E6167652F6C6F74746572792F64657461696C223B733A373A22627574746F6E73223B613A333A7B693A303B693A313B693A313B693A353B693A323B693A31313B7D7D733A33383A2261637469766974794D616E6167652F6C6F74746572792F616A6178436F64655365676D656E74223B613A333A7B733A323A226964223B693A343030353B733A353A22726F757465223B733A33383A2261637469766974794D616E6167652F6C6F74746572792F616A6178436F64655365676D656E74223B733A373A22627574746F6E73223B613A333A7B693A303B693A313B693A313B693A353B693A323B693A31313B7D7D733A33353A2261637469766974794D616E6167652F6C6F74746572792F736176654163746976697479223B613A333A7B733A323A226964223B693A343030363B733A353A22726F757465223B733A33353A2261637469766974794D616E6167652F6C6F74746572792F736176654163746976697479223B733A373A22627574746F6E73223B613A333A7B693A303B693A313B693A313B693A353B693A323B693A31313B7D7D7D6665326661346337643864366164313466613935366366636634663963336435616C6C42746E4D61707C613A31353A7B733A333A22616464223B693A313B733A363A2264656C657465223B693A323B733A343A2265646974223B693A333B733A353A227175657279223B693A343B733A363A2275706C6F6164223B693A353B733A383A22646F776E6C6F6164223B693A363B733A363A22696D706F7274223B693A373B733A363A226578706F7274223B693A383B733A363A226D616E616765223B693A393B733A353A22636865636B223B693A31303B733A363A2264657461696C223B693A31313B733A333A2262616E223B693A31323B733A363A226D6F76655570223B693A31333B733A383A226D6F7665446F776E223B693A31343B733A343A226D6F7665223B693A31353B7D66653266613463376438643661643134666139353663666366346639633364355F5F72657475726E55726C7C733A313A222F223B);
INSERT INTO `session_list` VALUES ('kj4boucs3kvcpd255a0spu4je5', 1528114792, 0x6665326661346337643864366164313466613935366366636634663963336435616C6C4D656E754D61707C613A31323A7B693A313030313B613A333A7B733A353A22726F757465223B733A32383A22636F64654D616E6167652F636F64655365676D656E742F696E646578223B733A343A226E616D65223B733A31323A22E7A081E6AEB5E58897E8A1A8223B733A373A22627574746F6E73223B613A333A7B693A303B693A313B693A313B693A333B693A323B693A343B7D7D693A313030323B613A333A7B733A353A22726F757465223B733A33303A22636F64654D616E6167652F436F64655363616E436F756E742F696E646578223B733A343A226E616D65223B733A31323A22E689ABE7A081E7BB9FE8AEA1223B733A373A22627574746F6E73223B613A313A7B693A303B693A343B7D7D693A323030313B613A333A7B733A353A22726F757465223B733A33313A227072697A654D616E6167652F7072697A6554656D706C6174652F696E646578223B733A343A226E616D65223B733A31323A22E5A596E59381E6A8A1E69DBF223B733A373A22627574746F6E73223B613A333A7B693A303B693A313B693A313B693A333B693A323B693A343B7D7D693A323030323B613A333A7B733A353A22726F757465223B733A33323A227072697A654D616E6167652F7072697A65496E76656E746F72792F696E646578223B733A343A226E616D65223B733A31383A22E5A596E59381E5BA93E5AD98E7AEA1E79086223B733A373A22627574746F6E73223B613A333A7B693A303B693A313B693A313B693A333B693A323B693A343B7D7D693A333030313B613A333A7B733A353A22726F757465223B733A32393A226C6F747465727952756C652F6C6F747465727952756C652F696E646578223B733A343A226E616D65223B733A31323A22E68ABDE5A596E8A784E58899223B733A373A22627574746F6E73223B613A333A7B693A303B693A313B693A313B693A333B693A323B693A343B7D7D693A333030323B613A333A7B733A353A22726F757465223B733A32373A226C6F747465727952756C652F7072697A6552756C652F696E646578223B733A343A226E616D65223B733A31323A22E5A596E59381E8A784E58899223B733A373A22627574746F6E73223B613A333A7B693A303B693A313B693A313B693A333B693A323B693A343B7D7D693A343030313B613A333A7B733A353A22726F757465223B733A32383A2261637469766974794D616E6167652F6C6F74746572792F696E646578223B733A343A226E616D65223B733A31383A22E68ABDE5A596E6B4BBE58AA8E58897E8A1A8223B733A373A22627574746F6E73223B613A333A7B693A303B693A313B693A313B693A333B693A323B693A31313B7D7D693A343030323B613A333A7B733A353A22726F757465223B733A32363A2261637469766974794D616E6167652F6C6F74746572792F616464223B733A343A226E616D65223B733A31383A22E696B0E5A29EE68ABDE5A596E6B4BBE58AA8223B733A373A22627574746F6E73223B613A333A7B693A303B693A313B693A313B693A353B693A323B693A31313B7D7D693A343030333B613A333A7B733A353A22726F757465223B733A32373A2261637469766974794D616E6167652F6C6F74746572792F65646974223B733A343A226E616D65223B733A31383A22E7BC96E8BE91E68ABDE5A596E6B4BBE58AA8223B733A373A22627574746F6E73223B613A333A7B693A303B693A313B693A313B693A353B693A323B693A31313B7D7D693A343030343B613A333A7B733A353A22726F757465223B733A32393A2261637469766974794D616E6167652F6C6F74746572792F64657461696C223B733A343A226E616D65223B733A31323A22E6B4BBE58AA8E8AFA6E68385223B733A373A22627574746F6E73223B613A333A7B693A303B693A313B693A313B693A353B693A323B693A31313B7D7D693A343030353B613A333A7B733A353A22726F757465223B733A33383A2261637469766974794D616E6167652F6C6F74746572792F616A6178436F64655365676D656E74223B733A343A226E616D65223B733A31323A22E6B4BBE58AA8E8AFA6E68385223B733A373A22627574746F6E73223B613A333A7B693A303B693A313B693A313B693A353B693A323B693A31313B7D7D693A343030363B613A333A7B733A353A22726F757465223B733A33353A2261637469766974794D616E6167652F6C6F74746572792F736176654163746976697479223B733A343A226E616D65223B733A31383A22E4BF9DE5AD98E6B4BBE58AA8E68EA5E58FA3223B733A373A22627574746F6E73223B613A333A7B693A303B693A313B693A313B693A353B693A323B693A31313B7D7D7D6665326661346337643864366164313466613935366366636634663963336435616C6C4D656E75526F7574654D61707C613A31323A7B733A32383A22636F64654D616E6167652F636F64655365676D656E742F696E646578223B613A333A7B733A323A226964223B693A313030313B733A353A22726F757465223B733A32383A22636F64654D616E6167652F636F64655365676D656E742F696E646578223B733A373A22627574746F6E73223B613A333A7B693A303B693A313B693A313B693A333B693A323B693A343B7D7D733A33303A22636F64654D616E6167652F436F64655363616E436F756E742F696E646578223B613A333A7B733A323A226964223B693A313030323B733A353A22726F757465223B733A33303A22636F64654D616E6167652F436F64655363616E436F756E742F696E646578223B733A373A22627574746F6E73223B613A313A7B693A303B693A343B7D7D733A33313A227072697A654D616E6167652F7072697A6554656D706C6174652F696E646578223B613A333A7B733A323A226964223B693A323030313B733A353A22726F757465223B733A33313A227072697A654D616E6167652F7072697A6554656D706C6174652F696E646578223B733A373A22627574746F6E73223B613A333A7B693A303B693A313B693A313B693A333B693A323B693A343B7D7D733A33323A227072697A654D616E6167652F7072697A65496E76656E746F72792F696E646578223B613A333A7B733A323A226964223B693A323030323B733A353A22726F757465223B733A33323A227072697A654D616E6167652F7072697A65496E76656E746F72792F696E646578223B733A373A22627574746F6E73223B613A333A7B693A303B693A313B693A313B693A333B693A323B693A343B7D7D733A32393A226C6F747465727952756C652F6C6F747465727952756C652F696E646578223B613A333A7B733A323A226964223B693A333030313B733A353A22726F757465223B733A32393A226C6F747465727952756C652F6C6F747465727952756C652F696E646578223B733A373A22627574746F6E73223B613A333A7B693A303B693A313B693A313B693A333B693A323B693A343B7D7D733A32373A226C6F747465727952756C652F7072697A6552756C652F696E646578223B613A333A7B733A323A226964223B693A333030323B733A353A22726F757465223B733A32373A226C6F747465727952756C652F7072697A6552756C652F696E646578223B733A373A22627574746F6E73223B613A333A7B693A303B693A313B693A313B693A333B693A323B693A343B7D7D733A32383A2261637469766974794D616E6167652F6C6F74746572792F696E646578223B613A333A7B733A323A226964223B693A343030313B733A353A22726F757465223B733A32383A2261637469766974794D616E6167652F6C6F74746572792F696E646578223B733A373A22627574746F6E73223B613A333A7B693A303B693A313B693A313B693A333B693A323B693A31313B7D7D733A32363A2261637469766974794D616E6167652F6C6F74746572792F616464223B613A333A7B733A323A226964223B693A343030323B733A353A22726F757465223B733A32363A2261637469766974794D616E6167652F6C6F74746572792F616464223B733A373A22627574746F6E73223B613A333A7B693A303B693A313B693A313B693A353B693A323B693A31313B7D7D733A32373A2261637469766974794D616E6167652F6C6F74746572792F65646974223B613A333A7B733A323A226964223B693A343030333B733A353A22726F757465223B733A32373A2261637469766974794D616E6167652F6C6F74746572792F65646974223B733A373A22627574746F6E73223B613A333A7B693A303B693A313B693A313B693A353B693A323B693A31313B7D7D733A32393A2261637469766974794D616E6167652F6C6F74746572792F64657461696C223B613A333A7B733A323A226964223B693A343030343B733A353A22726F757465223B733A32393A2261637469766974794D616E6167652F6C6F74746572792F64657461696C223B733A373A22627574746F6E73223B613A333A7B693A303B693A313B693A313B693A353B693A323B693A31313B7D7D733A33383A2261637469766974794D616E6167652F6C6F74746572792F616A6178436F64655365676D656E74223B613A333A7B733A323A226964223B693A343030353B733A353A22726F757465223B733A33383A2261637469766974794D616E6167652F6C6F74746572792F616A6178436F64655365676D656E74223B733A373A22627574746F6E73223B613A333A7B693A303B693A313B693A313B693A353B693A323B693A31313B7D7D733A33353A2261637469766974794D616E6167652F6C6F74746572792F736176654163746976697479223B613A333A7B733A323A226964223B693A343030363B733A353A22726F757465223B733A33353A2261637469766974794D616E6167652F6C6F74746572792F736176654163746976697479223B733A373A22627574746F6E73223B613A333A7B693A303B693A313B693A313B693A353B693A323B693A31313B7D7D7D6665326661346337643864366164313466613935366366636634663963336435616C6C42746E4D61707C613A31353A7B733A333A22616464223B693A313B733A363A2264656C657465223B693A323B733A343A2265646974223B693A333B733A353A227175657279223B693A343B733A363A2275706C6F6164223B693A353B733A383A22646F776E6C6F6164223B693A363B733A363A22696D706F7274223B693A373B733A363A226578706F7274223B693A383B733A363A226D616E616765223B693A393B733A353A22636865636B223B693A31303B733A363A2264657461696C223B693A31313B733A333A2262616E223B693A31323B733A363A226D6F76655570223B693A31333B733A383A226D6F7665446F776E223B693A31343B733A343A226D6F7665223B693A31353B7D66653266613463376438643661643134666139353663666366346639633364355F5F72657475726E55726C7C733A313A222F223B);
INSERT INTO `session_list` VALUES ('mtjth9s33f8c0dtrfqvmip7o72', 1528114377, 0x6665326661346337643864366164313466613935366366636634663963336435616C6C4D656E754D61707C613A31323A7B693A313030313B613A333A7B733A353A22726F757465223B733A32383A22636F64654D616E6167652F636F64655365676D656E742F696E646578223B733A343A226E616D65223B733A31323A22E7A081E6AEB5E58897E8A1A8223B733A373A22627574746F6E73223B613A333A7B693A303B693A313B693A313B693A333B693A323B693A343B7D7D693A313030323B613A333A7B733A353A22726F757465223B733A33303A22636F64654D616E6167652F436F64655363616E436F756E742F696E646578223B733A343A226E616D65223B733A31323A22E689ABE7A081E7BB9FE8AEA1223B733A373A22627574746F6E73223B613A313A7B693A303B693A343B7D7D693A323030313B613A333A7B733A353A22726F757465223B733A33313A227072697A654D616E6167652F7072697A6554656D706C6174652F696E646578223B733A343A226E616D65223B733A31323A22E5A596E59381E6A8A1E69DBF223B733A373A22627574746F6E73223B613A333A7B693A303B693A313B693A313B693A333B693A323B693A343B7D7D693A323030323B613A333A7B733A353A22726F757465223B733A33323A227072697A654D616E6167652F7072697A65496E76656E746F72792F696E646578223B733A343A226E616D65223B733A31383A22E5A596E59381E5BA93E5AD98E7AEA1E79086223B733A373A22627574746F6E73223B613A333A7B693A303B693A313B693A313B693A333B693A323B693A343B7D7D693A333030313B613A333A7B733A353A22726F757465223B733A32393A226C6F747465727952756C652F6C6F747465727952756C652F696E646578223B733A343A226E616D65223B733A31323A22E68ABDE5A596E8A784E58899223B733A373A22627574746F6E73223B613A333A7B693A303B693A313B693A313B693A333B693A323B693A343B7D7D693A333030323B613A333A7B733A353A22726F757465223B733A32373A226C6F747465727952756C652F7072697A6552756C652F696E646578223B733A343A226E616D65223B733A31323A22E5A596E59381E8A784E58899223B733A373A22627574746F6E73223B613A333A7B693A303B693A313B693A313B693A333B693A323B693A343B7D7D693A343030313B613A333A7B733A353A22726F757465223B733A32383A2261637469766974794D616E6167652F6C6F74746572792F696E646578223B733A343A226E616D65223B733A31383A22E68ABDE5A596E6B4BBE58AA8E58897E8A1A8223B733A373A22627574746F6E73223B613A333A7B693A303B693A313B693A313B693A333B693A323B693A31313B7D7D693A343030323B613A333A7B733A353A22726F757465223B733A32363A2261637469766974794D616E6167652F6C6F74746572792F616464223B733A343A226E616D65223B733A31383A22E696B0E5A29EE68ABDE5A596E6B4BBE58AA8223B733A373A22627574746F6E73223B613A333A7B693A303B693A313B693A313B693A353B693A323B693A31313B7D7D693A343030333B613A333A7B733A353A22726F757465223B733A32373A2261637469766974794D616E6167652F6C6F74746572792F65646974223B733A343A226E616D65223B733A31383A22E7BC96E8BE91E68ABDE5A596E6B4BBE58AA8223B733A373A22627574746F6E73223B613A333A7B693A303B693A313B693A313B693A353B693A323B693A31313B7D7D693A343030343B613A333A7B733A353A22726F757465223B733A32393A2261637469766974794D616E6167652F6C6F74746572792F64657461696C223B733A343A226E616D65223B733A31323A22E6B4BBE58AA8E8AFA6E68385223B733A373A22627574746F6E73223B613A333A7B693A303B693A313B693A313B693A353B693A323B693A31313B7D7D693A343030353B613A333A7B733A353A22726F757465223B733A33383A2261637469766974794D616E6167652F6C6F74746572792F616A6178436F64655365676D656E74223B733A343A226E616D65223B733A31323A22E6B4BBE58AA8E8AFA6E68385223B733A373A22627574746F6E73223B613A333A7B693A303B693A313B693A313B693A353B693A323B693A31313B7D7D693A343030363B613A333A7B733A353A22726F757465223B733A33353A2261637469766974794D616E6167652F6C6F74746572792F736176654163746976697479223B733A343A226E616D65223B733A31383A22E4BF9DE5AD98E6B4BBE58AA8E68EA5E58FA3223B733A373A22627574746F6E73223B613A333A7B693A303B693A313B693A313B693A353B693A323B693A31313B7D7D7D6665326661346337643864366164313466613935366366636634663963336435616C6C4D656E75526F7574654D61707C613A31323A7B733A32383A22636F64654D616E6167652F636F64655365676D656E742F696E646578223B613A333A7B733A323A226964223B693A313030313B733A353A22726F757465223B733A32383A22636F64654D616E6167652F636F64655365676D656E742F696E646578223B733A373A22627574746F6E73223B613A333A7B693A303B693A313B693A313B693A333B693A323B693A343B7D7D733A33303A22636F64654D616E6167652F436F64655363616E436F756E742F696E646578223B613A333A7B733A323A226964223B693A313030323B733A353A22726F757465223B733A33303A22636F64654D616E6167652F436F64655363616E436F756E742F696E646578223B733A373A22627574746F6E73223B613A313A7B693A303B693A343B7D7D733A33313A227072697A654D616E6167652F7072697A6554656D706C6174652F696E646578223B613A333A7B733A323A226964223B693A323030313B733A353A22726F757465223B733A33313A227072697A654D616E6167652F7072697A6554656D706C6174652F696E646578223B733A373A22627574746F6E73223B613A333A7B693A303B693A313B693A313B693A333B693A323B693A343B7D7D733A33323A227072697A654D616E6167652F7072697A65496E76656E746F72792F696E646578223B613A333A7B733A323A226964223B693A323030323B733A353A22726F757465223B733A33323A227072697A654D616E6167652F7072697A65496E76656E746F72792F696E646578223B733A373A22627574746F6E73223B613A333A7B693A303B693A313B693A313B693A333B693A323B693A343B7D7D733A32393A226C6F747465727952756C652F6C6F747465727952756C652F696E646578223B613A333A7B733A323A226964223B693A333030313B733A353A22726F757465223B733A32393A226C6F747465727952756C652F6C6F747465727952756C652F696E646578223B733A373A22627574746F6E73223B613A333A7B693A303B693A313B693A313B693A333B693A323B693A343B7D7D733A32373A226C6F747465727952756C652F7072697A6552756C652F696E646578223B613A333A7B733A323A226964223B693A333030323B733A353A22726F757465223B733A32373A226C6F747465727952756C652F7072697A6552756C652F696E646578223B733A373A22627574746F6E73223B613A333A7B693A303B693A313B693A313B693A333B693A323B693A343B7D7D733A32383A2261637469766974794D616E6167652F6C6F74746572792F696E646578223B613A333A7B733A323A226964223B693A343030313B733A353A22726F757465223B733A32383A2261637469766974794D616E6167652F6C6F74746572792F696E646578223B733A373A22627574746F6E73223B613A333A7B693A303B693A313B693A313B693A333B693A323B693A31313B7D7D733A32363A2261637469766974794D616E6167652F6C6F74746572792F616464223B613A333A7B733A323A226964223B693A343030323B733A353A22726F757465223B733A32363A2261637469766974794D616E6167652F6C6F74746572792F616464223B733A373A22627574746F6E73223B613A333A7B693A303B693A313B693A313B693A353B693A323B693A31313B7D7D733A32373A2261637469766974794D616E6167652F6C6F74746572792F65646974223B613A333A7B733A323A226964223B693A343030333B733A353A22726F757465223B733A32373A2261637469766974794D616E6167652F6C6F74746572792F65646974223B733A373A22627574746F6E73223B613A333A7B693A303B693A313B693A313B693A353B693A323B693A31313B7D7D733A32393A2261637469766974794D616E6167652F6C6F74746572792F64657461696C223B613A333A7B733A323A226964223B693A343030343B733A353A22726F757465223B733A32393A2261637469766974794D616E6167652F6C6F74746572792F64657461696C223B733A373A22627574746F6E73223B613A333A7B693A303B693A313B693A313B693A353B693A323B693A31313B7D7D733A33383A2261637469766974794D616E6167652F6C6F74746572792F616A6178436F64655365676D656E74223B613A333A7B733A323A226964223B693A343030353B733A353A22726F757465223B733A33383A2261637469766974794D616E6167652F6C6F74746572792F616A6178436F64655365676D656E74223B733A373A22627574746F6E73223B613A333A7B693A303B693A313B693A313B693A353B693A323B693A31313B7D7D733A33353A2261637469766974794D616E6167652F6C6F74746572792F736176654163746976697479223B613A333A7B733A323A226964223B693A343030363B733A353A22726F757465223B733A33353A2261637469766974794D616E6167652F6C6F74746572792F736176654163746976697479223B733A373A22627574746F6E73223B613A333A7B693A303B693A313B693A313B693A353B693A323B693A31313B7D7D7D6665326661346337643864366164313466613935366366636634663963336435616C6C42746E4D61707C613A31353A7B733A333A22616464223B693A313B733A363A2264656C657465223B693A323B733A343A2265646974223B693A333B733A353A227175657279223B693A343B733A363A2275706C6F6164223B693A353B733A383A22646F776E6C6F6164223B693A363B733A363A22696D706F7274223B693A373B733A363A226578706F7274223B693A383B733A363A226D616E616765223B693A393B733A353A22636865636B223B693A31303B733A363A2264657461696C223B693A31313B733A333A2262616E223B693A31323B733A363A226D6F76655570223B693A31333B733A383A226D6F7665446F776E223B693A31343B733A343A226D6F7665223B693A31353B7D);

SET FOREIGN_KEY_CHECKS = 1;
